Authorization Number,Site City Name,Establishment Name,Manager Name,Initial Effective Date,Site Address Line 1,Site Address Line 2,Site Province Abbrev,Site Postal Code,Telephone Number,Online Sales
301320,ACHESON,Freedom Cannabis,,8/30/2021,9827 279 ST,,AB,T7X 6J4,8774523760.0,No 
781463,AIRDRIE,13th Floor Cannabis,"Kolochuk, Craig Michael, Mgr
",11/4/2020,1005-401 COOPERS BLVD SW,,AB,T4B 4J3,4039601313.0,Yes
780863,AIRDRIE,Best Buds Outlet,"Sapp, Brandon Darrell, Mgr
",12/19/2019,4A-1861 MEADOWBROOK DR SE,,AB,T4A 1V3,4039801046.0,No 
781450,AIRDRIE,Bud Mart,"Bhullar, Gurdev Singh, Mgr
",4/1/2020,17-1301 8 STREET SW,,AB,T4B 0M9,5873600036.0,Yes
812450,AIRDRIE,Bud Mart,"Bhullar, Karandev Singh, Mgr
",8/30/2025,600-705 MAIN ST SW,,AB,T4B 3M2,5877009810.0,Yes
782204,AIRDRIE,Canna Cabana,"Wheeler, Ethan James, Mgr
",11/18/2020,101-400 MAIN ST NE,,AB,T4B 2N1,4039600577.0,Yes
778818,AIRDRIE,Canna Cabana,"Jimenez, Jan Michael A, Mgr
",10/31/2019,6128-403 MACKENZIE WAY SW,,AB,T4B 3V7,4039809822.0,Yes
780989,AIRDRIE,Plantlife,"Scott, Ian Hardie, Mgr
",9/10/2019,117-1800 MARKET ST SE,,AB,T4A 0K9,5876000011.0,No 
779347,AIRDRIE,RARE Cannabis Co.,"Ballman, Ami Louise, Mgr
",7/2/2019,5-213 MAIN ST N,,AB,T4B 0R6,4039800010.0,Yes
781101,AIRDRIE,Value Buds at Sierra Springs,"Sanderson, Grant Leigh, Mgr
",12/20/2019,130-2765 MAIN ST SW,,AB,T4B 3S6,4039805403.0,No 
779333,ALBERTA BEACH,Rock Island Cannabis Inc.,"Haskell, Sandra Anne, Mgr
",8/6/2019,4925 50 AVENUE,,AB,T0E 0A0,7809242009.0,No 
302176,ALDERSYDE,Grass Monkeys Premium Craft Cannabis,,6/26/2024,450153 82 STREET E,,AB,T0L 0A0,,No 
781277,ATHABASCA,Equilibrium Cannabis,"Webster, Gerald Daniel, Mgr
",3/26/2020,103-5003 50 AVENUE,,AB,T9S 1T2,7806758805.0,No 
784553,ATHABASCA,Green Solution Cannabis,"Choi, Hea Lee, Mgr
",11/28/2022,4805 50 ST,,AB,T9S 1C8,7804044408.0,No 
781033,BANFF,Canna Cabana,"Jimenez, Jan Michael A, Mgr
",8/6/2020,215    SUNDANCE MALL L09,,AB,T0L 0C0,4039850308.0,Yes
777992,BANFF,Fire & Flower Cannabis Co.,"Mail, Eli Samuel, Mgr
",10/23/2019,229 BEAR STREET,,AB,T1L 1C3,4039858027.0,Yes
784745,BANFF,Value Buds Banff,"Sanderson, Grant Leigh, Mgr
",9/15/2022,203B BEAR STREET,,AB,T1L 1H1,4039859167.0,No 
781740,BARRHEAD,Green Solution Cannabis,"Choi, Hea Lee, Mgr
",7/14/2020,4934 50 AVENUE,,AB,T7N 1J4,7802849971.0,No 
782755,BARRHEAD,Rocky Mountain Roots,"LeGassick, Ryan Roderick, Mgr
",7/30/2021,5036 50 STREET,,AB,T7N 1A5,7806743265.0,Yes
783080,BASHAW,The Bakedery,"Brokopp, Jodie Calvin, Mgr
",1/17/2022,4912 50 STREET,,AB,T0B 0H0,7803722143.0,Yes
785365,BASSANO,Bassano Cannabis Store,"Gill, Couragedeep Singh, Mgr
",11/9/2023,417 2 AVENUE,,AB,T0J 0B0,4036412067.0,No 
779396,BEAUMONT,Canna Cabana,"Jimenez, Jan Michael A, Mgr
",6/24/2019,116-5305 MAGASIN AVE,,AB,T4X 1V8,7807377003.0,Yes
783241,BEAUMONT,Fire & Flower Cannabis Co.,"Mail, Eli Samuel, Mgr
",11/12/2021,109-6410 50 ST,,AB,T4X 0B6,7807379815.0,Yes
779413,BEAUMONT,FOUR20 Premium Market,"Morrow, Scott Andrew, Mgr
",12/10/2019,138-5802 50 ST,,AB,T4X 1T8,7807331291.0,Yes
783989,BEAUMONT,Pop's Cannabis Co.,"Arbuthnot, John William, Mgr
",3/31/2022,101-5003 30 AVE,,AB,T4X 1T9,7809991941.0,Yes
779747,BEAVERLODGE,Level 420,"Jolin, Dawn Lee, Mgr
",8/12/2019,202 10 STREET,,AB,T0H 0C0,7805344420.0,No 
783930,BEAVERLODGE,Plain Jane Cannabis,"Carson, Tatum Sofia L., Mgr
",8/4/2022,806 1 AVENUE,,AB,T0H 0C0,7802193567.0,No 
784152,BENTLEY,Bonfire Cannabis Inc.,"MacLean, Terrance John, Mgr
",11/29/2022,4934 50 AVENUE,,AB,T0C 2J0,5876794137.0,No 
779748,BLACK DIAMOND,Eco Green Leaf Bar,"Kapila, Sanjeev Kumar, Mgr
",7/6/2020,9-402 CENTRE AVENUE W,,AB,T0L 0H0,4039337773.0,No 
781562,BLACK DIAMOND,Enlightened Herb Cannabis,"French, Danielle Nicole, Mgr
",7/8/2020,306 GOVERNMENT ROAD,,AB,T0L 0H0,4039335323.0,Yes
781526,BLACKFALDS,Accupure Cannabis,"Ha, Jae Yub, Mgr
",5/28/2020,310-6017 PARKWOOD ROAD,,AB,T0M 0J0,5876210457.0,No 
819774,BLACKFALDS,Bargain Buds Cannabis - Blackfalds,"Seelen, Kale Joseph Alexander, Mgr
",2/11/2026,1-37 COTTONWOOD DR.,,AB,T0M 0J0,4036007770.0,No 
783903,BLACKFALDS,Canna Cabana,"Jimenez, Jan Michael A, Mgr
",5/27/2022,620-4500 BLACKFALDS CROSSING WAY,,AB,T0M 0J0,8557476420.0,Yes
778867,BLAIRMORE,Crowsnest's Classy Joint,"Olsen, Jocelyn Gail, Mgr
",10/10/2019,12701 20 AVENUE,,AB,T0K 0E0,4035632091.0,No 
779369,BONNYVILLE,Canna Cabana,"Jimenez, Jan Michael A, Mgr
",7/29/2019,3-5506 50 AVE,,AB,T9N 2K8,7803439639.0,Yes
782498,BONNYVILLE,Spiritleaf - Bonnyville,"Normand, Danielle Anne-Marie, Mgr
",5/27/2021,104-6608 50 AVE,,AB,T9N 0B7,7808122109.0,No 
784206,BONNYVILLE,Sunrise Cannabis Retail Ltd.,"Brinegar, Terry Verna, Mgr
",7/20/2022,102-4809 50 AVENUE,,AB,T9N 2J4,7808122331.0,No 
301945,BOW ISLAND,Almanac Grow Corp.,,1/6/2023,101-12 STREET EAST,,AB,T0K 0G0,4039095845.0,No 
783756,BOYLE,Earth to Embers,"Turner, Terryl Leigh, Mgr
",11/17/2022,4909 8 STREET S,,AB,T0A 0M0,7802139394.0,No 
785487,BRAGG CREEK,FOUR20,"Morrow, Scott Andrew, Mgr
",6/21/2023,120-7 BALSAM AVENUE,,AB,T0L 0K0,5874301600.0,Yes
800570,BROOKS,BLUETHERA BIOLOGICS INC.,"Simon, John, Mgr
",2/5/2025,239 AQUADUCT DR,,AB,T1R 1B5,7809750095.0,No 
784606,BROOKS,Canna Cabana,"Jimenez, Jan Michael A, Mgr
",8/2/2022,115 2 ST E,,AB,T1R 0G9,5872704445.0,Yes
777896,BROOKS,FOUR20 Premium Market,"Morrow, Scott Andrew, Mgr
",4/18/2019,102 2 STREET W,,AB,T1R 0S3,5879940701.0,Yes
781961,BROOKS,Spiritleaf - Brooks,"Engel, Darren Albert, Mgr
",10/1/2020,4-715 2 ST W,,AB,T1R 1A9,5872704200.0,No 
781539,CALGARY,13th Floor Cannabis,"Kolochuk, Craig Michael, Mgr
",8/6/2020,208-8060 SILVER SPRINGS BLVD NW,,AB,T3B 5K1,4039601313.0,Yes
302066,CALGARY,2502967 Alberta Ltd.,,2/28/2025,2100-222 3 AVE SW,,AB,T2P 0B4,3039292286.0,No 
778178,CALGARY,420 Premium Market,"Morrow, Scott Andrew, Mgr
",11/5/2018,46 SAGE HILL PASS NW,,AB,T3R 0S4,4032122383.0,Yes
783148,CALGARY,All The Smoke Premium Cannabis Market,"Sidhu, Satbir Singh, Mgr
",2/4/2022,1-6219 CENTRE STREET N,,AB,T2K 0V2,4034749720.0,No 
781966,CALGARY,Bimor Cannabis,"Minhas, Navjot, Mgr
",4/20/2021,806 68 ST NE,,AB,T2A 6X7,5873536262.0,No 
810891,CALGARY,Blissful Buds,"Bedi, Emandeep Singh, Mgr
",7/31/2025,631 SHAWCLIFFE GATE SW,,AB,T2Y 1W1,4039663734.0,Yes
809623,CALGARY,Bow Cannabis,"Ramadan, Jamal Andrew, Mgr
",12/18/2024,6305 BOWNESS RD NW,,AB,T3B 0E4,4032861190.0,Yes
803154,CALGARY,Bud Bar Beltline West,"Woo, Justin Clay H., Mgr
",6/7/2024,806 12 AVE SW,,AB,T2R 0J3,4034539164.0,Yes
783183,CALGARY,Bud Bar Crowfoot,"Woo, Justin Clay H., Mgr
",10/15/2021,838 CROWFOOT CRES NW,,AB,T3G 4S3,8255404645.0,Yes
783034,CALGARY,Bud Bar on 10th St NW,"Woo, Justin Clay H., Mgr
",5/15/2021,100-1717 10 ST NW,,AB,T2M 4S2,5873911906.0,Yes
783035,CALGARY,Bud Bar On 14 St NW,"Woo, Justin Clay H., Mgr
",5/15/2021,2008 14 ST NW,,AB,T2M 3N3,5873911587.0,Yes
782591,CALGARY,Bud Bar Stampede,"Woo, Justin Clay H., Mgr
",8/10/2021,101-206 11 AVE SE,,AB,T2G 0X8,8255404539.0,Yes
802723,CALGARY,Bud Mart,,6/6/2024,1-1704 61 ST SE,,AB,T2A 4V5,4038996313.0,Yes
812647,CALGARY,Bud Mart,"Bhullar, Karandev, Mgr
",7/24/2025,160-5305 COUNTRY HILLS BLVD NE,,AB,T3N 0X4,5877009810.0,Yes
786064,CALGARY,Bud Mart,"Bhullar, Gurdev Singh, Mgr
",6/4/2024,148-20 COPPERPOND PASSAGE SE,,AB,T2Z 1Z4,4039720649.0,Yes
815806,CALGARY,Bud Mart,"Bhullar, Karandev Singh, Mgr
",1/30/2026,115-14919 DEER RIDGE DR SE,,AB,T2J 7C4,4034601122.0,Yes
812581,CALGARY,Bud Mountain Aeroponics,"Cowan, Kevin Brandon, Mgr
",9/10/2025,120-10725 74 ST SE,,AB,T2C 5P5,4038376972.0,No 
785122,CALGARY,Budlife,"Chaudry, Mainul, Mgr
",10/6/2023,1A-8607 48 AVE NW,,AB,T3B 2B3,5878961800.0,Yes
813136,CALGARY,Calgary Co-op Cannabis Seton,"Moncrieff, Levi Lawrence, Mgr
",11/4/2025,3945 MARKET ST SE,,AB,T3M 2W9,5873910880.0,Yes
817305,CALGARY,Canna Cabana,"Wheeler, Ethan James, Mgr
",11/10/2025,45-2525 BRIDLECREST WAY SW,,AB,T2Y 5J4,8255406963.0,Yes
782391,CALGARY,Canna Cabana,"Jimenez, Jan Michael A, Mgr
",2/24/2021,115-8835 MACLEOD TRAIL SW,,AB,T2H 0M2,5873917655.0,Yes
803219,CALGARY,Canna Cabana,"Wheeler, Ethan James, Mgr
",6/20/2024,10-5308  17 AVE SW,,AB,T3E 6S6,4036860630.0,Yes
780044,CALGARY,Canna Cabana,"Jimenez, Jan Michael A, Mgr
",10/9/2019,2107 EDMONTON TRAIL NE,,AB,T2E 3M4,4037644203.0,Yes
782390,CALGARY,Canna Cabana,"Jimenez, Jan Michael A, Mgr
",5/20/2021,14-10822 50 ST SE,,AB,T2C 5N9,4037194069.0,Yes
783002,CALGARY,Canna Cabana,"Jimenez, Jan Michael A, Mgr
",6/1/2021,2-7400 MACLEOD TRAIL SE,,AB,T2H 0L9,5873924695.0,Yes
816119,CALGARY,Canna Cabana,"Wheeler, Ethan James, Mgr
",12/17/2025,501-7248 OGDEN RD SE,,AB,T2C 1B6,8255400402.0,Yes
782208,CALGARY,Canna Cabana,"Wheeler, Ethan James, Mgr
",11/18/2020,111-13 SOUTHLAND CRES SW,,AB,T2W 0K4,5873924665.0,Yes
809333,CALGARY,Canna Cabana,"Wheeler, Ethan James, Mgr
",5/20/2025,309-722 85 ST SW,,AB,T3H 1S6,8255408649.0,Yes
782392,CALGARY,Canna Cabana,"Jimenez, Jan Michael A, Mgr
",3/3/2021,4600 BOWNESS ROAD NW,,AB,T3B 0B3,4034549004.0,Yes
783003,CALGARY,Canna Cabana,"Jimenez, Jan Michael A, Mgr
",8/5/2021,120-920 36 ST NE,,AB,T2A 6L8,8255404257.0,Yes
782395,CALGARY,Canna Cabana,"Jimenez, Jan Michael A, Mgr
",3/24/2021,850-19369 SHERIFF KING ST S,,AB,T2X 0T9,4034550997.0,Yes
782219,CALGARY,Canna Cabana,"Wheeler, Ethan James, Mgr
",11/18/2020,8-12 CASTLERIDGE DR NE,,AB,T3J 1V4,5873924690.0,Yes
783077,CALGARY,Canna Cabana,"Jimenez, Jan Michael A, Mgr
",11/4/2021,6110-250 EAST HILLS SQ SE,,AB,T2A 7A7,4032488745.0,Yes
784109,CALGARY,Canna Cabana,"Jimenez, Jan Michael A, Mgr
",6/3/2022,105-330 10 ST NW,,AB,T2N 1V8,4032707880.0,Yes
785842,CALGARY,Canna Cabana,"Wheeler, Ethan James, Mgr
",10/17/2023,116-101 SAGE VALLEY COMMON NW,,AB,T3R 1T8,4032654207.0,Yes
779149,CALGARY,Canna Cabana,"Jimenez, Jan Michael A, Mgr
",10/18/2018,1065 CANYON MEADOWS DR SW,,AB,T2W 5V3,4037644207.0,Yes
782393,CALGARY,Canna Cabana,"Jimenez, Jan Michael A, Mgr
",3/3/2021,1235 11 AVENUE SW,,AB,T3C 0M5,4034551930.0,Yes
783054,CALGARY,Canna Cabana,"Jimenez, Jan Michael A, Mgr
",11/17/2021,103-3928 EDMONTON TRAIL NE,,AB,T2E 3P6,8255404402.0,Yes
782209,CALGARY,Canna Cabana,"Wheeler, Ethan James, Mgr
",11/18/2020,130-5403 CROWCHILD TRAIL NW,,AB,T3B 4Z1,5873924650.0,Yes
782216,CALGARY,Canna Cabana,"Wheeler, Ethan James, Mgr
",11/18/2020,29-240 MIDPARK WAY SE,,AB,T2X 1N4,5873924655.0,Yes
779322,CALGARY,Canna Cabana,"Jimenez, Jan Michael A, Mgr
",8/6/2019,11032A ELBOW DRIVE SW,,AB,T2W 1G6,4034554205.0,Yes
779508,CALGARY,Canna Cabana,"Jimenez, Jan Michael A, Mgr
",8/12/2019,610-20 CROWFOOT CRES NW,,AB,T3G 2P6,4037645399.0,Yes
782210,CALGARY,Canna Cabana,"Wheeler, Ethan James, Mgr
",11/18/2020,144-55 CASTLERIDGE BLVD NE,,AB,T3J 3J8,5873924670.0,Yes
782211,CALGARY,Canna Cabana,"Wheeler, Ethan James, Mgr
",11/18/2020,1535 19 ST NW,,AB,T2N 2K2,5873924720.0,Yes
782215,CALGARY,Canna Cabana,"Wheeler, Ethan James, Mgr
",11/18/2020,21-2500 4 ST SW,,AB,T2S 1X6,5873924660.0,Yes
782222,CALGARY,Canna Cabana,"Wheeler, Ethan James, Mgr
",11/18/2020,9-2015 32 AVE NE,,AB,T2E 6Z3,5873924715.0,Yes
782212,CALGARY,Canna Cabana,"Wheeler, Ethan James, Mgr
",11/18/2020,18-13750 BOW BOTTOM TRAIL SE,,AB,T2J 6T5,5873923409.0,Yes
804903,CALGARY,Canna Cabana,"Wheeler, Ethan James, Mgr
",7/31/2024,28-20 DOUGLAS WOODS DR SE,,AB,T2Z 1K2,4034540461.0,Yes
782433,CALGARY,Canna Cabana,"Jimenez, Jan Michael A, Mgr
",3/24/2021,130-296 SHAWVILLE BLVD SE,,AB,T2Y 3S4,5873917658.0,Yes
782207,CALGARY,Canna Cabana,"Wheeler, Ethan James, Mgr
",11/18/2020,110-3725 RUNDLEHORN DR NE,,AB,T1Y 2K1,5873924675.0,Yes
805170,CALGARY,Canna Cabana,"Wheeler, Ethan James, Mgr
",7/30/2024,250-3630 BRENTWOOD RD NW,,AB,T2L 1K8,4034540437.0,Yes
782206,CALGARY,Canna Cabana,"Wheeler, Ethan James, Mgr
",11/18/2020,110-1935 37 ST SW,,AB,T3E 3A4,5873924705.0,Yes
782388,CALGARY,Canna Cabana,"Jimenez, Jan Michael A, Mgr
",1/8/2021,101-624 8 AVE SE,,AB,T2G 1S7,4034549007.0,Yes
784607,CALGARY,Canna Cabana,"Jimenez, Jan Michael A, Mgr
",8/2/2022,2719 14 ST SW,,AB,T2T 3V2,5873912088.0,No 
782387,CALGARY,Canna Cabana,"Jimenez, Jan Michael A, Mgr
",2/3/2021,130-11130 11 ST NE,,AB,T3K 2R5,4032149885.0,Yes
783163,CALGARY,Cannabis Leaf,"Bassi, Charandeep, Mgr
",12/1/2021,1-4623 BOW TRAIL SW,,AB,T3C 2G6,4039737781.0,No 
778108,CALGARY,Celestial Buds,"Dhaliwal, Monica, Mgr
",1/25/2019,166-6800 MEMORIAL DRIVE NE,,AB,T2A 6V3,5874968711.0,Yes
817225,CALGARY,Chinook Cannabis,"Baer, Casey Jay, Mgr
",3/25/2026,4818 16 ST SW,,AB,T2T 4J5,5873634372.0,Yes
783692,CALGARY,Chinook Cannabis,"Baer, Casey Jay, Mgr
",1/7/2022,4026 16 ST SW,,AB,T2T 4H4,4034554372.0,Yes
783303,CALGARY,Cloud 420,"Islam, Shakeel Chouhdary, Mgr
",8/31/2021,124-11125 38 ST NE,,AB,T3N 1P3,5876209761.0,No 
781051,CALGARY,Cloud 620,"Dhillon, Harvinder Kaur, Mgr
",3/17/2020,120-630 REDSTONE DR NE,,AB,T3N 1L4,5874837147.0,No 
780860,CALGARY,Cloud-520,"Dhillon, Harvinder Kaur, Mgr
",4/12/2021,120-180 LEGACY MAIN ST SE,,AB,T2X 4R9,4037504002.0,No 
778958,CALGARY,Co-op Cannabis,"Nicholas, Michael John, Mgr
",10/17/2018,7-8720 MACLEOD TRAIL SE,,AB,T2H 0M4,4034522285.0,Yes
783491,CALGARY,Co-op Cannabis - Beddington,"Nicholas, Michael John, Mgr
",11/19/2021,160-8220 CENTRE ST NE,,AB,T3K 1J7,4034571943.0,Yes
784069,CALGARY,Co-op Cannabis - Oakridge,"Nicholas, Michael John, Mgr
",8/10/2022,110-125 OAKMOOR PLAZA SW,,AB,T2V 4R9,4032994030.0,Yes
779549,CALGARY,Co-op Cannabis- Brentwood,"Nicholas, Michael John, Mgr
",7/8/2019,B-4122 BRENTWOOD RD NW,,AB,T2L 1K8,4034522560.0,Yes
779546,CALGARY,Co-op Cannabis- Crowfoot,"Nicholas, Michael John, Mgr
",12/5/2019,41 CROWFOOT WAY NW,,AB,T3G 2L4,4034539127.0,Yes
779548,CALGARY,Co-op Cannabis- Dalhousie,"Nicholas, Michael John, Mgr
",7/22/2019,B-5505 SHAGANAPPI TRAIL NW,,AB,T3A 1Z6,4032994028.0,Yes
779545,CALGARY,Co-op Cannabis- Shawnessy,"Nicholas, Michael John, Mgr
",1/6/2021,100B-250 SHAWVILLE BLVD SE,,AB,T2Y 2Z7,4034559894.0,Yes
778956,CALGARY,Co-op Cannabis-Forest Lawn,"Nicholas, Michael John, Mgr
",7/15/2019,5-3330 17 AVE SE,,AB,T2A 0P9,4032994024.0,Yes
778947,CALGARY,Co-op Cannabis-Hamptons,"Nicholas, Michael John, Mgr
",11/18/2020,614-1000 HAMPTONS DR NW,,AB,T3A 6A7,4034553132.0,Yes
778955,CALGARY,Co-op Cannabis-Richmond Road,"Nicholas, Michael John, Mgr
",7/22/2019,4938 RICHMOND RD SW,,AB,T3E 6K4,4032994026.0,Yes
815620,CALGARY,Cost Cannabis,"Sanderson, Grant Leigh, Mgr
",1/6/2026,100-5253 RICHMOND RD SW,,AB,T3E 7C4,4038001109.0,No 
815619,CALGARY,Cost Cannabis,"Sanderson, Grant Leigh, Mgr
",1/6/2026,130-9919 FAIRMOUNT DR SE,,AB,T2J 0S3,4038001108.0,No 
815843,CALGARY,Dank Cannabis,"Kumar, Priyanka, Mgr
",2/9/2026,175-45 CARRINGTON BLVD NW,,AB,T3P 1K8,5873333397.0,Yes
814293,CALGARY,Dank Cannabis,"Kumar, Priyanka, Mgr
",10/27/2025,R-6412 OLD BANFF COACH RD SW,,AB,T3H 2H3,4034440977.0,Yes
781882,CALGARY,Dank Cannabis,"Kumar, Priyanka, Mgr
",4/14/2021,2-1603 62 AVE SE,,AB,T2C 2C5,4037753265.0,Yes
783338,CALGARY,Dank Cannabis,"Kumar, Priyanka, Mgr
",11/5/2021,2-3525 26 AVE SE,,AB,T2B 2M9,4037753265.0,Yes
785798,CALGARY,Dank Cannabis,"Kumar, Priyanka, Mgr
",2/16/2024,123-1829 RANCHLANDS BOULEVARD NW,,AB,T3G 2A7,4039889636.0,Yes
811103,CALGARY,Dank Cannabis,"Kumar, Priyanka, Mgr
",6/5/2025,445-9737 MACLEOD TRAIL SW,,AB,T2J 0P6,5877470777.0,Yes
783777,CALGARY,Dank Cannabis,"Kumar, Priyanka, Mgr
",4/21/2022,3412 3 AVE NW,,AB,T2N 0M2,5879434716.0,Yes
778758,CALGARY,Eastwood,"Ware-Lane, Daryl, Mgr
",11/22/2019,10-6222 36 ST SE,,AB,T2C 3J4,4032570605.0,Yes
780784,CALGARY,Fire & Flower Cannabis Co.,"Mail, Eli Samuel, Mgr
",12/18/2019,1560-6004 COUNTRY HILLS BOULEVARD NE,,AB,T3N 1T8,5874829835.0,Yes
785938,CALGARY,FivePoint Cannabis 1st St.,"Jenkins, Alena Riane, Mgr
",9/19/2023,1318 1 ST SW,,AB,T2R 0V7,8255401318.0,No 
778172,CALGARY,FivePoint Cannabis Bridgeland,"Jenkins, Alena Riane, Mgr
",7/2/2019,945 GENERAL AVE NE,,AB,T2E 9E1,4036903636.0,No 
803937,CALGARY,Flamingo+ Cannabis Trinity Hills,"Joyce, Tristan Alexander, Mgr
",11/1/2024,420 NA'A COMMON SW,,AB,T3B 5V6,4034930780.0,Yes
784761,CALGARY,FOUR20,"Morrow, Scott Andrew, Mgr
",10/26/2022,101-1022 17 AVE SW,,AB,T2T 0A5,5874419420.0,Yes
784760,CALGARY,FOUR20,"Morrow, Scott Andrew, Mgr
",10/26/2022,7111-8650 112 AVE NW,,AB,T3R 0R5,5874419021.0,Yes
785330,CALGARY,Four20,"Morrow, Scott Andrew, Mgr
",3/29/2023,120-6008 MACLEOD TRAIL SW,,AB,T2H 0K1,5873290539.0,Yes
784289,CALGARY,Four20,"Morrow, Scott Andrew, Mgr
",4/29/2022,917 1 AVE NE,,AB,T2E 2L3,5874414200.0,Yes
783844,CALGARY,FOUR20 Premium Market,"Morrow, Scott Andrew, Mgr
",11/29/2021,3-2008 33 AVE SW,,AB,T2T 1Z4,5873290539.0,Yes
783204,CALGARY,FOUR20 Premium Market,"Morrow, Scott Andrew, Mgr
",6/10/2021,3011 26 AVE SW,,AB,T3E 0M7,5873184204.0,Yes
783843,CALGARY,FOUR20 Premium Market,"Morrow, Scott Andrew, Mgr
",11/29/2021,1309 9 AVE SE,,AB,T2G 0T2,4037669141.0,Yes
783211,CALGARY,FOUR20 Premium Market,"Morrow, Scott Andrew, Mgr
",6/10/2021,640 10 AVE SW,,AB,T2R 1M3,4032624739.0,Yes
783207,CALGARY,FOUR20 Premium Market,"Morrow, Scott Andrew, Mgr
",6/10/2021,424 ERIN WOODS DR SE,,AB,T2B 3C5,5874304221.0,Yes
777882,CALGARY,FOUR20 Premium Market,"Morrow, Scott Andrew, Mgr
",8/12/2019,B-121 8 AVE SW,,AB,T2P 1B4,4034070861.0,Yes
784305,CALGARY,Global Leaf,"Birk, Rajinder Singh, Mgr
",9/30/2022,3-728 NORTHMOUNT DR NW,,AB,T2K 3K2,4039917529.0,No 
778020,CALGARY,Global Leaf,"Birk, Rajinder Singh, Mgr
",10/19/2018,106-5401 TEMPLE DR NE,,AB,T1Y 3R7,4039917529.0,No 
783666,CALGARY,Gramsterdam,"Saini, Rajpal Kaur, Mgr
",2/23/2022,14-5700 FALSBRIDGE DRIVE NE,,AB,T3J 4X5,5876175400.0,Yes
807751,CALGARY,Green Guidance Cannabis Agency,,11/27/2024,1190 EVANSTON DR NW,,AB,T3P 0J9,4038138139.0,No 
781674,CALGARY,Green Panda Cannabis,"Dhillon, Harvinder Kaur, Mgr
",4/26/2021,130-60 BOWRIDGE DR NW,,AB,T3B 2T9,4032865210.0,No 
782179,CALGARY,Greenlife Cannabis,"Kim, Dowon, Mgr
",8/5/2021,6-3304 64 ST NE,,AB,T1Y 5R4,4035682104.0,Yes
779351,CALGARY,Greenspot Shop,"Bergman, Darrick, Mgr
",12/9/2019,7523 MACLEOD TRAIL SW,,AB,T2H 0L8,4034004887.0,Yes
800853,CALGARY,High Tide Inc.,,7/30/2024,112-11127 15 ST NE,,AB,T3K 2M4,5878898892.0,No 
782148,CALGARY,Highland Buds,"Huh, Jacob Namsun, Mgr
",5/28/2021,118 40 AVE NW,,AB,T2K 0E3,5872919717.0,Yes
785407,CALGARY,Highland Buds,"Ramadan, Jamal Andrew, Mgr
",8/15/2023,26-5010 4 ST NE,,AB,T2K 5X8,4034752898.0,Yes
785755,CALGARY,In N Out Cannabis Discounter,"Toor, Rajpal, Mgr
",1/29/2024,B-2604 KENSINGTON RD NW,,AB,T2N 3S5,3068803362.0,Yes
814567,CALGARY,Kindling Cannabis 4th St,"Howlett, Daniel Matthew, Mgr
",1/7/2026,37 4 ST NE,,AB,T2E 3R6,4034535780.0,Yes
785876,CALGARY,Kozmic Kush Cannabis,"Mohammad, Shafiq, Mgr
",9/5/2023,18-430 ACADIA DR SE,,AB,T2J 0B2,5873522400.0,No 
782241,CALGARY,Lake City Cannabis,"Roch, Ryan Eduard, Mgr
",4/28/2021,6-22 RICHARD WAY SW,,AB,T3E 7M9,4037644205.0,Yes
816357,CALGARY,Lakeside Cannabis,"Parmar, Harsimranjit Singh, Mgr
",10/16/2025,1276 68 ST SE,,AB,T2A 7X7,4035402671.0,No 
783734,CALGARY,Leaf Life,"El-Masri, Ayman, Mgr
",2/23/2022,103-1331 MACLEOD TRAIL SE,,AB,T2G 0K3,5873150344.0,Yes
781479,CALGARY,Leaf Life,"El-Masri, Ayman, Mgr
",8/26/2020,10109 HIDDEN VALLEY DR NW,,AB,T3A 5Z7,5873535324.0,Yes
783733,CALGARY,Leaf Life,"El-Masri, Ayman, Mgr
",2/14/2022,310-11877 SARCEE TRAIL NW,,AB,T3R 1W5,5873178233.0,Yes
782432,CALGARY,Leaf Life,"El-Masri, Ayman, Mgr
",3/9/2021,101-2230 68 STREET NE,,AB,T1Y 0A2,5873525324.0,Yes
783104,CALGARY,Leaf Life,"El-Masri, Ayman, Mgr
",11/1/2021,110-560 69 AVE SW,,AB,T2V 2H1,5873533773.0,Yes
778814,CALGARY,Leaf Life,"Christie, Benjamin William, Mgr
",7/15/2019,1343 NORTHMOUNT DR NW,,AB,T2L 0E7,4032824227.0,Yes
781478,CALGARY,Leaf Life,"El-Masri, Ayman, Mgr
",6/22/2020,175C 52 ST SE,,AB,T2A 5H8,5873535323.0,Yes
783103,CALGARY,Leaf Life,"El-Masri, Ayman, Mgr
",9/15/2021,12-3181 32 ST NE,,AB,T1Y 6Z7,5873533616.0,Yes
802493,CALGARY,Leafy Green Inc,"DHILLON, HARVINDER, Mgr
",5/30/2024,4170-235 RED EMBERS WAY NE,,AB,T3N 2G8,4032268808.0,No 
804386,CALGARY,Level Up Cannabis,"Alain, John, Mgr
",1/7/2025,4022 26 ST SE,,AB,T2B 2Y4,4034550420.0,No 
778171,CALGARY,Loft Cannabis,"Dhillon, Harminder Singh, Mgr
",1/8/2020,328-2066 18 AVE NE,,AB,T2E 8N5,4037690012.0,No 
783771,CALGARY,Loft Cannabis Market,"Dhillon, Harminder Singh, Mgr
",4/28/2023,117A-817 19 ST NE,,AB,T2E 4X5,4037640011.0,No 
783684,CALGARY,Lux Leaf Cannabis,"Sawicki, Carter Daniel, Mgr
",1/5/2022,234-177 COUNTRY HILLS BOULEVARD NW,,AB,T3K 5M6,5873513992.0,No 
819779,CALGARY,Lux Leaf Cannabis - Nolan Hill,"Volk, Aaron John Bernerd, Mgr
",2/11/2026,232-8 NOLAN HILL BLVD NW,,AB,T3R 0X2,5873537063.0,No 
819777,CALGARY,Lux Leaf Cannabis - Savanna,"Volk, Aaron John Bernerd, Mgr
",2/11/2026,1130-30 SAVANNA CRES NE,,AB,T3J 2E9,5872316632.0,No 
819778,CALGARY,Lux Leaf Cannabis - Taradale,"Volk, Aaron John Bernerd, Mgr
",2/11/2026,312B-7171 80 AVE NE,,AB,T3J 0P6,4034537063.0,No 
781438,CALGARY,Magic Buds,"Korotane, Jasvir Singh, Mgr
",6/10/2020,2105-19605 WALDEN BLVD SE,,AB,T2X 4E2,4034543060.0,No 
809463,CALGARY,Magic Buds Cranston,"Korotane, Jasvir Singh, Mgr
",7/2/2025,9-90 CRANLEIGH DR SE,,AB,T3M 1J7,8255406565.0,No 
784522,CALGARY,Magic Buds Madigan,"Korotane, Jasvir Singh, Mgr
",7/26/2022,50-6060 MEMORIAL DR NE,,AB,T2A 5Z5,4034756602.0,No 
783631,CALGARY,MH4 Cannabis,"Bawa, Prabhjot Kaur, Mgr
",7/27/2022,2705A CENTRE STREET NW,,AB,T2E 2V5,5873493277.0,No 
782412,CALGARY,Micro Gold Cannabis,"Gilbert, Beverly Jean, Mgr
",4/14/2021,16760 MCKENZIE LAKE BLVD SE,,AB,T2Z 1W3,5873190455.0,Yes
786249,CALGARY,Micro Gold Retail Cannabis,"Gilbert, Cameron Reid, Mgr
",1/16/2024,4825 MACLEOD TRAIL SW,,AB,T2G 0A7,8252224777.0,Yes
786476,CALGARY,Moderna Cannabis Society,"Joseph, Diana Lynn, Mgr
",4/1/2024,155 MAHOGANY CTR SE,,AB,T3M 2V6,4037649270.0,Yes
779565,CALGARY,Mount Kushmore,"Aslam, Ahmed, Mgr
",6/17/2020,329 11 AVE NE,,AB,T2E 0Z2,4037171233.0,Yes
781672,CALGARY,Nirvana Canna,"Kaushik, Puneet, Mgr
",6/15/2020,8-5032 16 AVE NW,,AB,T3B 0N3,4034527111.0,No 
785361,CALGARY,Nirvana Canna,"Kaushik, Puneet, Mgr
",2/14/2024,125-2121 194 AVENUE SE,,AB,T2X 5B1,8259101373.0,Yes
301932,CALGARY,Northside Growco Inc,,3/24/2023,1338A 36 AVE NE,,AB,T2E 6T6,4034702627.0,No 
780844,CALGARY,Oakridge Cannabis,"Stanat, Darryl Thomas, Mgr
",5/7/2020,4-10015 OAKFIELD DR SW,,AB,T2V 1S9,4032120823.0,Yes
780654,CALGARY,Ogden Cannabis,"Sanders, Samuel Robert, Mgr
",3/12/2020,2130 GLENMORE CRT SE,,AB,T2C 2E6,8257128769.0,Yes
784770,CALGARY,Oil & Grass Cannabis,"Wardell, Timothy Clarence, Mgr
",3/1/2023,1715 17 AVE SW,,AB,T2T 0E6,8254140233.0,Yes
779310,CALGARY,Omkara Cannabis,"Bali, Shaveen Chandra, Mgr
",1/29/2020,220-500 ROYAL OAK DR NW,,AB,T3G 0E8,5872261680.0,No 
784395,CALGARY,Pearl Cannabis,"Khosa, Dharmender, Mgr
",7/21/2023,3170R-5850 88 AVE NE,,AB,T3J 0Z7,4036291343.0,No 
783010,CALGARY,Plantlife,"Scott, Ian Hardie, Mgr
",9/2/2021,165-5005 DALHOUSIE DR NW,,AB,T3A 5R8,4034756430.0,No 
783797,CALGARY,Plantlife,"Scott, Ian Hardie, Mgr
",1/20/2022,1620-80 MAHOGANY ROAD SE,,AB,T3M 3K9,4034548808.0,No 
783505,CALGARY,Plantlife,"Scott, Ian Hardie, Mgr
",11/15/2021,224-70 SHAWVILLE BLVD SE,,AB,T2Y 2Z3,4034559340.0,Yes
783507,CALGARY,Plantlife,"Scott, Ian Hardie, Mgr
",11/10/2021,5272 130 AVE SE,,AB,T2Z 5C2,4037247991.0,Yes
786301,CALGARY,Plantlife,"Scott, Ian Hardie, Mgr
",3/1/2024,110-19651 SETON WAY SE,,AB,T3M 2N9,5879563068.0,No 
782141,CALGARY,Plantlife,"Scott, Ian Hardie, Mgr
",1/8/2021,530-7 MAHOGANY PLAZA SE,,AB,T3M 0T7,4034559916.0,Yes
781791,CALGARY,Plantlife,"Scott, Ian Hardie, Mgr
",9/14/2020,7130-333 96 AVE NE,,AB,T3K 2R3,4034548985.0,Yes
783506,CALGARY,Plantlife,"Scott, Ian Hardie, Mgr
",3/2/2022,4027 UNIVERSITY AVE NW,,AB,T3B 6K3,4034521237.0,Yes
800121,CALGARY,Prairie Records,"Mail, Eli Samuel, Mgr
",4/12/2024,219A 8 AVE SW,,AB,T2P 1B7,5873913634.0,No 
800101,CALGARY,Prairie Records,"Mail, Eli Samuel, Mgr
",4/12/2024,4420D 17 AVENUE SE,,AB,T2A 0T6,4037645795.0,No 
783886,CALGARY,RARE Cannabis Co.,"Szczebelski, Damian Piotr, Mgr
",5/27/2022,2929 RICHMOND RD SW,,AB,T3E 4N3,4034746018.0,Yes
778196,CALGARY,Record High,"Shenner, Aaron James, Mgr
",2/18/2020,1907 20 AVE NW,,AB,T2M 1H6,4034531916.0,Yes
301529,CALGARY,RGB Group Inc.,,3/18/2021,232 ASPEN HILLS CLOSE SW,,AB,T3H 0C8,4035897919.0,No 
301467,CALGARY,Route 1 Purchasing & Distribution Inc.,,5/7/2021,4610 80 STREET NW,,AB,T3B 2P3,4036714335.0,No 
807452,CALGARY,Smoke and Mirrors,"Ho, Vincent Sil-Phone, Mgr
",5/30/2025,2083 146 AVE SE,,AB,T2J 6C3,4032710998.0,Yes
817403,CALGARY,Spiritleaf,"Bedi, Ajaydeep Singh, Mgr
",2/27/2026,117-45 GREENBRIAR LANE NW,,AB,T3B 6N4,5873581406.0,No 
782319,CALGARY,Spiritleaf - Evanston,"Bedi, Ajaydeep Singh, Mgr
",3/25/2021,1006-2060 SYMONS VALLEY PARKWAY NW,,AB,T3P 0M9,4034753495.0,No 
781649,CALGARY,Spiritleaf - Millrise,"Power, Paul William, Mgr
",2/3/2021,3149-150 MILLRISE BOULEVARD SW,,AB,T2Y 5G7,5873528252.0,No 
782882,CALGARY,Spiritleaf - Savanna,"Calder, James, Mgr
",8/19/2021,402-9036 46 ST NE,,AB,T3J 2E3,5873526261.0,No 
783576,CALGARY,Spiritleaf - Seton,"Watt, Kristen Lee, Mgr
",3/31/2022,325-19587 SETON CRES SE,,AB,T3M 2T5,8254079238.0,Yes
778216,CALGARY,Spiritleaf - Stonegate,"Bedi, Ajaydeep Singh, Mgr
",1/25/2019,408-2550 COUNTRY HILLS BLVD NE,,AB,T3N 1E4,4034529843.0,Yes
782401,CALGARY,Spiritleaf - Township,"Parke, Carol-Lynn, Mgr
",5/3/2021,110-20 LONGVIEW COMMON SE,,AB,T2X 4S8,5879567708.0,Yes
782775,CALGARY,Spiritleaf Centre Street,"Zhang, Shuang, Mgr
",12/27/2021,4-1020 CENTRE STREET NORTH,,AB,T2E 2P9,4034528797.0,No 
810068,CALGARY,The Kush Spot,"Luthra, Sanjeev, Mgr
",4/1/2025,1711 CENTRE ST NW,,AB,T2E 2S3,7803181804.0,No 
785098,CALGARY,The Moon Cannabis,"Sapp, Brandon Darrell, Mgr
",11/17/2023,105-3003 37 ST SW,,AB,T3E 3B5,8255401898.0,Yes
784584,CALGARY,Tower Cannabis,"Richardson, Robert Terrence, Mgr
",2/3/2023,120-159 CARRINGTON PLAZA NW,,AB,T3P 1Y3,4032746008.0,No 
785800,CALGARY,Tower Cannabis,"Richardson, Robert Terrence, Mgr
",10/19/2023,307-500 COUNTRY HILLS BLVD NE,,AB,T3K 5H2,4038289739.0,No 
779064,CALGARY,Tumblweedz,"LaForce, Michelle Denise, Mgr
",12/5/2019,116-2323 32 AVE NE,,AB,T2E 6Z3,5873918299.0,Yes
783102,CALGARY,Upstairs Cannabis,"Gorham, Megan Laura, Mgr
",7/26/2021,902 11 AVE SE,,AB,T2G 0Z2,8254313357.0,Yes
785026,CALGARY,Valley Ridge Cannabis,"Yu, Andrew Wesley, Mgr
",4/26/2023,212-11245 VALLEY RIDGE DR NW,,AB,T3B 5V4,4038078890.0,No 
811768,CALGARY,Value Buds - Cornerstone,"Sanderson, Grant Leigh, Mgr
",9/9/2025,260-1155 CORNERSTONE BLVD NE,,AB,T3N 2E9,4037233145.0,No 
814467,CALGARY,Value Buds - Kensington,"Sanderson, Grant Leigh, Mgr
",9/30/2025,1124 KENSINGTON RD NW,,AB,T2N 3P3,5875720741.0,No 
814468,CALGARY,Value Buds - Varsity,"Sanderson, Grant Leigh, Mgr
",9/30/2025,406-4625 VARSITY DR NW,,AB,T3A 0Z9,5872310243.0,No 
814466,CALGARY,Value Buds at 17th Avenue East,"Sanderson, Grant Leigh, Mgr
",9/30/2025,506 17 AVE SW,,AB,T2S 0B1,5873533260.0,No 
783142,CALGARY,Value Buds at 17th Avenue West,"Sanderson, Grant Leigh, Mgr
",6/3/2021,1206 17 AVE SW,,AB,T2T 0B8,5873528733.0,No 
782915,CALGARY,Value Buds at Beacon Hill,"Sanderson, Grant Leigh, Mgr
",8/10/2021,11662 SARCEE TRAIL NW,,AB,T3R 0A1,4032953502.0,No 
783140,CALGARY,Value Buds at Country Hills,"Sanderson, Grant Leigh, Mgr
",6/3/2021,252-388 COUNTRY HILLS BLVD NE,,AB,T3K 5J6,5873521977.0,No 
778099,CALGARY,Value Buds at Deerfoot City,"Sanderson, Grant Leigh, Mgr
",12/23/2019,B-901 64 AVE NE,,AB,T2E 7P4,4034577175.0,No 
777943,CALGARY,Value Buds at Deerfoot Meadows,"Sanderson, Grant Leigh, Mgr
",11/13/2019,12-7929 11 ST SE,,AB,T2H 0B8,4034759867.0,No 
785300,CALGARY,Value Buds at Douglas Glen,"Kiziak, Marcie Catherine, Mgr
",11/24/2023,148-11520 24 ST SE,,AB,T2Z 3E9,5873158689.0,No 
783258,CALGARY,Value Buds at Forest Lawn,"Sanderson, Grant Leigh, Mgr
",6/15/2021,11-5147 20 AVE SE,,AB,T2B 0B1,4037641420.0,No 
778148,CALGARY,Value Buds at Glenmore Landing,"Sanderson, Grant Leigh, Mgr
",11/1/2019,106A-1600 90 AVE SW,,AB,T2V 5A8,4032513424.0,No 
783257,CALGARY,Value Buds at Riverbend,"Sanderson, Grant Leigh, Mgr
",6/15/2021,424-8338 18 ST SE,,AB,T2C 4E4,4034751420.0,No 
777936,CALGARY,Value Buds at Shepard,"Sanderson, Grant Leigh, Mgr
",11/5/2019,535-4916 130 AVE SE,,AB,T2Z 0G4,4037240928.0,No 
778146,CALGARY,Value Buds at Signal Hill,"Sanderson, Grant Leigh, Mgr
",12/10/2019,5695 SIGNAL HILL CTR SW,,AB,T3H 3P8,4032173581.0,No 
779726,CALGARY,Value Buds at Strathcona Square,"Sanderson, Grant Leigh, Mgr
",11/21/2019,156-555 STRATHCONA BLVD SW,,AB,T3H 2Z9,5873520757.0,No 
783141,CALGARY,Value Buds at Sunridge,"Sanderson, Grant Leigh, Mgr
",6/9/2021,2111 36 ST NE,,AB,T1Y 5S3,4034571420.0,No 
783042,CALGARY,Value Buds at TransCanada,"Sanderson, Grant Leigh, Mgr
",10/27/2021,174-1440 52 ST NE,,AB,T2A 4T8,4032733857.0,No 
777938,CALGARY,Value Buds at Willow Park,"Sanderson, Grant Leigh, Mgr
",10/17/2018,B252-10816 MACLEOD TRAIL SE,,AB,T2J 5N8,4034556290.0,No 
783259,CALGARY,Value Buds at Woodbine,"Sanderson, Grant Leigh, Mgr
",6/15/2021,206-2525 WOODVIEW DR SW,,AB,T2W 4N4,5873511977.0,No 
778082,CALGARY,Vincanna Cannabis,"Vining, Jaskaranjit Singh, Mgr
",7/29/2019,B108-3709 26 AVE NE,,AB,T1Y 4S3,5873529333.0,Yes
301367,CALGARY,Westleaf Labs LP,"Coates, Adam Timothy, Mgr
",10/30/2019,710-530 8 AVENUE SW,,AB,T2P 3S8,4164596306.0,No 
301753,CALGARY,Zelca,,5/27/2022,UNIT D-2121 39 AVENUE NE,,AB,T2E 6R7,4039841141.0,No 
782150,CALMAR,Country Cannabis Store,"Becker, Karina Vida, Mgr
",3/3/2021,4910 50 AVENUE,,AB,T0C 0V0,7809850150.0,No 
784676,CAMROSE,Canna Cabana,"Jimenez, Jan Michael A, Mgr
",11/1/2022,360-6805 48 AVE,,AB,T4V 4W1,7806089669.0,Yes
778382,CAMROSE,Grand Park Camrose Cannabis,"Carroll, Jeb Walter, Mgr
",8/12/2019,6018 48 AVE,,AB,T4V 0K3,5873869333.0,Yes
784554,CAMROSE,Green Solution Cannabis,"Smith, Shane, Mgr
",8/23/2022,205-5703 48 AVE,,AB,T4V 0J9,7806080499.0,No 
302046,CAMROSE,Headstone Cannabis Corporation,"Miller, Lindsay William, Mgr
",11/28/2023,20149 TOWNSHIP ROAD 462,,AB,T4V 2M9,7803851257.0,No 
785471,CAMROSE,Lucky Buds,"Yang, Hsu-Min, Mgr
",2/29/2024,5011 49 STREET,,AB,T4V 1N5,7802810369.0,No 
781096,CAMROSE,Plantlife,"Scott, Ian Hardie, Mgr
",12/16/2019,160-6800 48 AVE,,AB,T4V 4T1,5878446770.0,Yes
779350,CAMROSE,Rosebud Cannabis,"Skinner, Clayton Wesley Ross, Mgr
",10/4/2019,3912 44 AVE,,AB,T4V 3H2,7806795645.0,No 
778817,CANMORE,Canmore Cannabis Company,"Mahajan, Sahil, Mgr
",7/15/2019,900B 7 AVENUE,,AB,T1W 2B6,4038911510.0,No 
782394,CANMORE,Canna Cabana,"Jimenez, Jan Michael A, Mgr
",3/18/2021,C-1702 BOW VALLEY TRAIL,,AB,T1W 1N5,4036752158.0,Yes
778038,CANMORE,Fire & Flower Cannabis Co.,"Mail, Eli Samuel, Mgr
",11/7/2018,C108-1120 RAILWAY AVE,,AB,T1W 1P4,5876350210.0,Yes
777884,CANMORE,FOUR20 Premium Market,"Morrow, Scott Andrew, Mgr
",6/24/2019,113-712 BOW VALLEY TRAIL,,AB,T1W 2H4,4036211913.0,Yes
814469,CANMORE,Value Buds - Old Canmore,"Sanderson, Grant Leigh, Mgr
",9/30/2025,117-302 OLD CANMORE RD,,AB,T1W 0L5,4037233145.0,No 
784566,CAROLINE,Out West Cannabis,"O'Neill, Amber Dawn, Mgr
",1/10/2023,5004 49 AVENUE,,AB,T0M 0M0,4035062926.0,Yes
782158,CARSTAIRS,123 Cannabis,"Singh, Gagandeep, Mgr
",4/7/2021,802 CENTRE STREET,,AB,T0M 0N0,4039401110.0,No 
810383,CARSTAIRS,Luminous Leaf,"Sodhi, Amardeep Singh, Mgr
",6/2/2025,B-507 10 AVENUE,,AB,T0M 0N0,8257330363.0,No 
782961,CASTOR,Gosal Cannabis,"Gosal, Kamaldeep Singh, Mgr
",12/2/2021,4316 48 AVENUE,,AB,T0C 0X0,7802389535.0,No 
782577,CHESTERMERE,Bud Mart,"Bhullar, Gurdev Singh, Mgr
",12/10/2021,107-100 RAINBOW RD,,AB,T1X 0V2,5873491444.0,Yes
778187,CHESTERMERE,Lake City Cannabis,"Roch, Ryan Eduard, Mgr
",6/17/2019,102-109 EAST CHESTERMERE DR,,AB,T1X 1A1,4039102618.0,Yes
780988,CHESTERMERE,Plantlife,"Scott, Ian Hardie, Mgr
",9/10/2019,205-175 CHESTERMERE STATION WAY,,AB,T1X 1V2,5873168914.0,No 
783589,CLAIRMONT,Cannabis 4 Less,"Hinks, Lucas Gault Juneau, Mgr
",12/9/2021,101-9915 102 AVE,,AB,T8X 5A4,7805672458.0,Yes
801632,CLAIRMONT,Nectur Solventless,,1/10/2025,6902 98 ST  UNIT 110,,AB,T8X 5A1,8253451515.0,No 
782562,CLAIRMONT,URBN Leaf Cannabis Company,"Ruether, Craig Thomas, Mgr
",2/26/2021,7201 99 ST,,AB,T8X 5B1,7805333363.0,No 
801892,CLARESHOLM,Range Bud Supply,"Mail, Eli Samuel, Mgr
",6/13/2024,4817 1 STREET,,AB,T0L 0T0,4034680045.0,Yes
786085,CLUNY,Pete's Budz,"Huyzer, Katherine Norma, Mgr
",4/26/2024,105 2 ST,,AB,T0J 0S0,4033242839.0,No 
801883,COALDALE,Boxcar Bud Supply,"Mail, Eli Samuel, Mgr
",5/27/2024,1908 18 STREET,,AB,T1M 1M7,4034051671.0,Yes
784614,COALHURST,Urban Leaf,"Kruger, Margaret Isabell, Mgr
",10/31/2022,102 SPRUCE DRIVE,,AB,T0L 0V0,8253993395.0,No 
807510,COCHRANE,Canna Cabana,"Wheeler, Ethan James, Mgr
",4/17/2025,1109-4A RIVER HEIGHTS DR,,AB,T4C 2T8,4032654207.0,No 
800518,COCHRANE,Canna Cabana,"Wheeler, Ethan James, Mgr
",7/11/2024,5-122 4 AVENUE W,,AB,T4C 1A9,4039811019.0,Yes
784810,COCHRANE,Cannabis Run,"Gill, Couragedeep Singh, Mgr
",7/13/2023,2125-239 GRIFFIN RD E,,AB,T4C 2B9,4038999727.0,No 
782317,COCHRANE,Celestial Buds,"Dhaliwal, Monica, Mgr
",3/19/2021,2105-23 HEARTLAND BOULEVARD,,AB,T4C 2V4,5874939461.0,Yes
815764,COCHRANE,COLACREATIV CORP.,,11/4/2025,217 FIRESIDE DR,,AB,T4C 2L4,5878373974.0,No 
817340,COCHRANE,Inspired Cannabis Co.,"Dhami, Jaspinder Singh, Mgr
",3/13/2026,C304-264 PARK ST,,AB,T4C 2B8,4033518043.0,Yes
785141,COCHRANE,Kuush,"Haroldson, Tim Vern, Mgr
",6/23/2023,2101-101 SUNSET DR,,AB,T4C 0W8,4034653706.0,Yes
780992,COCHRANE,Plantlife,"Scott, Ian Hardie, Mgr
",9/10/2019,25-31 BOW ST COMMON,,AB,T4C 2N1,4039812018.0,Yes
782927,COCHRANE,Puff-N-Up Cannabis,"Toor, Rajpal, Mgr
",10/6/2021,2-300 5 AVE W,,AB,T4C 2A7,4039817704.0,Yes
784604,COLD LAKE,Canna Cabana,"Jimenez, Jan Michael A, Mgr
",8/2/2022,5-1020 8 AVENUE,,AB,T9M 1K2,7806398960.0,No 
784603,COLD LAKE,Canna Cabana,"Jimenez, Jan Michael A, Mgr
",8/2/2022,5308 50 AVENUE,,AB,T9M 1S2,7805940386.0,No 
778210,COLD LAKE,Canna Cold Lake,,11/1/2018,1004-5101 46 AVE,,AB,T9M 0C8,7805735890.0,No 
783242,COLD LAKE,Fire & Flower Cannabis Co.,"Mail, Eli Samuel, Mgr
",9/21/2021,24B & 25-6503 51 STREET,,AB,T9M 1C8,7805941390.0,Yes
779656,COLD LAKE,Spiritleaf - Cold Lake,"Normand, Danielle Anne-Marie, Mgr
",1/6/2020,4002 50 ST,,AB,T9M 1S6,7805948104.0,No 
819095,COLEMAN,The Source Cannabis - Coleman,"Swayze, Ryan Charles, Mgr
",12/18/2025,8341 20 AVENUE,,AB,T0K 0M0,4035635994.0,Yes
782159,CROSSFIELD,123 Cannabis,"Singh, Gagandeep, Mgr
",5/10/2021,1314 RAILWAY STREET,,AB,T0M 0S0,4039460037.0,No 
785227,CROSSFIELD,GoodVibes Cannabis of Crossfield,"Kalia, Akshthal, Mgr
",3/1/2023,900 RAILWAY STREET,,AB,T0M 0S0,6477745325.0,No 
777959,DEVON,Small Town Buds,,10/17/2018,102-6 ATHABASCA AVE,,AB,T9G 1G2,7807388273.0,No 
816854,DIDSBURY,Bargain Buds Cannabis - Didsbury,"Sawicki, Carter Daniel, Mgr
",12/2/2025,330-800 SHANTZ DR,,AB,T0M 0W0,4035187009.0,No 
781015,DIDSBURY,Bud Mart,"Bhullar, Gurdev Singh, Mgr
",2/5/2020,A2-2409 16 STREET,,AB,T0M 0W0,4035181000.0,No 
778287,DIDSBURY,Didsbury Cannabis Mart,"Bhullar, Gurdev Singh, Mgr
",4/18/2019,20-1602 20 STREET,,AB,T0M 0W0,4035181111.0,No 
784112,DRAYTON VALLEY,Budget Buds,"Jouan, Ashley Lynn, Mgr
",8/3/2022,104-4930 55 AVE,,AB,T7A 1W2,7805143935.0,Yes
809215,DRAYTON VALLEY,Canna Cabana,"Wheeler, Ethan James, Mgr
",7/29/2025,107-4341 50 ST,,AB,T7A 1M4,7805142700.0,No 
784876,DRAYTON VALLEY,Canna Club Ltd.,"Verma, Shiva, Mgr
",10/26/2023,C-5725 50 AVENUE,,AB,T7A 1J9,7809513732.0,No 
778895,DRAYTON VALLEY,F & L Cannabis Inc.,"Fertig, Stephan Marvin Wayne, Mgr
",7/22/2019,5521 53 AVENUE,,AB,T7A 1R8,7806210420.0,No 
810449,DRAYTON VALLEY,Mixers Cannabis,"Park, Moonsoo, Mgr
",5/5/2025,B-5236 50 STREET,,AB,T7A 1S4,6395370167.0,No 
301612,DRAYTON VALLEY,Noble Growth Corp.,,8/18/2021,5630 56 STREET,,AB,T7A 0B2,5878420669.0,No 
779531,DRAYTON VALLEY,Spiritleaf - Drayton Valley,"Mohn, Wanda Lee, Mgr
",8/29/2019,1-5105 50 STREET,,AB,T7A 1J7,7805144006.0,Yes
779682,DRAYTON VALLEY,The Weed Locker,"Patten, Carla Diane, Mgr
",11/22/2019,2-4717 20 AVENUE,,AB,T7A 1S9,7805142879.0,No 
784608,DRUMHELLER,Canna Cabana,"Jimenez, Jan Michael A, Mgr
",8/2/2022,320 CENTRE ST    SS 9,,AB,T0J 0Y0,4038560084.0,Yes
780855,DRUMHELLER,Value Buds at Drumheller,"Sanderson, Grant Leigh, Mgr
",11/1/2019,B-105 GROVE PLACE,,AB,T0J 0Y0,4038235793.0,No 
784790,ECKVILLE,Lux Leaf Cannabis,"Sawicki, Carter Daniel, Mgr
",12/15/2022,4-4856 50 AVENUE,,AB,T0M 0X0,4037462336.0,No 
780801,EDMONTON,127 ST Cannabis Queen,"Dhillon, Amarjeetsingh Gurudayalsingh, Mgr
",5/19/2020,12621 121 AVE NW,,AB,T5L 4T6,7804529449.0,No 
809643,EDMONTON,ANC Inc.,"Clarke, James Brian, Mgr
",12/18/2024,6914 34 ST NW,,AB,T6B 2X2,7808092828.0,No 
778358,EDMONTON,Aurora Cannabis,"Hoover, Geoffrey Lee Jonathan, Mgr
",10/24/2019,1338-184-8882 170 STREET NW,,AB,T5T 4J2,7805408119.0,No 
301164,EDMONTON,Aurora Cannabis Enterprises Inc.,,10/17/2018,500-10355 JASPER AVENUE NW,,AB,T5J 1Y6,6043392238.0,No 
784984,EDMONTON,Bobo's Budz,"Nath, Reshial Restika, Mgr
",6/29/2023,12451 97 ST NW,,AB,T5G 1Z6,5874981417.0,No 
302040,EDMONTON,Bubble Bud,"Hanton, Callum Ellis, Mgr
",3/24/2023,15353 114 AVENUE NW,,AB,T5M 3S9,7802540073.0,No 
815948,EDMONTON,BuzzLeaf Cannabis,"Singh, Amritpal, Mgr
",2/10/2026,16118 STONY PLAIN RD NW,,AB,T5P 4A2,6479855290.0,No 
807078,EDMONTON,Canna 124 Vibes,"Sogy, Sandeep, Mgr
",2/4/2025,10459 124 ST NW,,AB,T5N 1R7,5877085669.0,No 
778413,EDMONTON,Canna Cabana,"Jimenez, Jan Michael A, Mgr
",11/13/2018,10828 124 ST NW,,AB,T5M 0H3,7807583700.0,Yes
778892,EDMONTON,Canna Cabana,"Jimenez, Jan Michael A, Mgr
",6/17/2019,4-16952 111 AVE NW,,AB,T5M 4C9,7807604207.0,Yes
782217,EDMONTON,Canna Cabana,"Wheeler, Ethan James, Mgr
",11/18/2020,30-12981 50 ST NW,,AB,T5A 3P3,7807848082.0,Yes
781425,EDMONTON,Canna Cabana,"Jimenez, Jan Michael A, Mgr
",2/24/2022,8927L 82 AVENUE,,AB,T6C 0Z2,8254804087.0,Yes
782223,EDMONTON,Canna Cabana,"Wheeler, Ethan James, Mgr
",11/18/2020,9522 ELLERSLIE RD SW,,AB,T6X 0K6,7807848087.0,Yes
779365,EDMONTON,Canna Cabana,"Jimenez, Jan Michael A, Mgr
",8/6/2019,101-3342 PARSONS RD NW,,AB,T6N 1B5,7802504043.0,Yes
785063,EDMONTON,Canna Cabana,"Wheeler, Ethan James, Mgr
",4/14/2023,10573 114 ST NW,,AB,T5H 3J6,5876356200.0,Yes
781356,EDMONTON,Canna Cabana,"Jimenez, Jan Michael A, Mgr
",4/6/2020,10275 JASPER AVE NW,,AB,T5J 1X8,5875215286.0,Yes
782221,EDMONTON,Canna Cabana,"Wheeler, Ethan James, Mgr
",11/18/2020,102-8721 156 ST NW,,AB,T5R 1Y5,7807848092.0,Yes
782818,EDMONTON,Cannabacee The Hemp House,"Sarpal, Nitin, Mgr
",7/14/2021,6111 28 AVE NW,,AB,T6L 6N5,7802443432.0,No 
786378,EDMONTON,Cannabacee The Hemp House,"Sarpal, Nitin, Mgr
",5/8/2024,3016A 106 ST NW,,AB,T6J 5M5,7804689333.0,No 
809070,EDMONTON,Cannabacee The Hemp House,"Singh, Lovejeet, Mgr
",8/6/2025,15314 18 ST NW,,AB,T5Y 6C5,7802429093.0,No 
785312,EDMONTON,Cannabis 82,"Dhiman, Sahil, Mgr
",1/9/2024,8118 82 AVENUE NW,,AB,T6C 0Y4,7808020657.0,No 
783232,EDMONTON,Cannabis Cellar Callingwood,"Zimmerman, Douglas Harold, Mgr
",7/15/2021,6813 177 ST NW,,AB,T5T 4K3,7802443337.0,Yes
782237,EDMONTON,Cannabis Discounter,"Kaur, Amandeep, Mgr
",5/26/2021,3516 EWING TRAIL SW,,AB,T6X 2X6,7802445875.0,Yes
783726,EDMONTON,Cannabis Discounter,"Kaur, Amandeep, Mgr
",2/24/2022,3909 34 ST NW,,AB,T6T 1L5,7804406831.0,Yes
783725,EDMONTON,Cannabis Discounter,"Kaur, Amandeep, Mgr
",3/28/2022,17329 HILLER ROAD SW,,AB,T6W 4T4,8255123877.0,Yes
782037,EDMONTON,Cannabis Discounter,"Kaur, Amanpreet, Mgr
",12/16/2020,15150 127 ST NW,,AB,T6V 0C5,7802445884.0,Yes
783228,EDMONTON,Cannabis Discounter,"Kaur, Amandeep, Mgr
",8/25/2021,2063 111 ST NW,,AB,T6J 4V9,5875239833.0,Yes
782967,EDMONTON,Cannabis Discounter,"Kaur, Amandeep, Mgr
",6/24/2021,1470 MCCONACHIE BLVD NW,,AB,T5Y 3X2,7802505886.0,Yes
782479,EDMONTON,Cannabis Discounter,"Kaur, Amandeep, Mgr
",5/25/2021,11452 JASPER AVE NW,,AB,T5K 0M1,5875215884.0,Yes
808277,EDMONTON,Cannabis House,,5/9/2025,12743 VICTORIA  TRAIL NW,,AB,T5A 4T6,5874902861.0,No 
777962,EDMONTON,Cannabis House,"Kaur, Amandeep, Mgr
",10/17/2018,6560 170 AVE NW,,AB,T5Y 3X6,7807571174.0,Yes
778740,EDMONTON,Cannabis House,"Kaur, Amandeep, Mgr
",4/18/2019,16526 59A ST NW,,AB,T5Y 3S9,5875200432.0,Yes
782877,EDMONTON,Cannabis House,"Kaur, Amandeep, Mgr
",5/25/2021,4212 66 ST NW,,AB,T6K 4A2,7807605886.0,Yes
782240,EDMONTON,Cannabis House,"Kaur, Amandeep, Mgr
",4/15/2021,18320 LESSARD RD NW,,AB,T6M 2W8,7802505884.0,Yes
781849,EDMONTON,Cannabis House,"Kaur, Amandeep, Mgr
",2/8/2021,4-9977 178 STREET NW,,AB,T5T 6J6,5875245884.0,Yes
781841,EDMONTON,Cannabis House,"Kaur, Amandeep, Mgr
",11/2/2020,18920 87 AVE NW,,AB,T5T 6J1,7802505889.0,Yes
818583,EDMONTON,Cannabis House,"Kaur, Amandeep, Mgr
",3/12/2026,8157 99 ST NW,,AB,T6E 3S9,7807567809.0,Yes
781703,EDMONTON,Cannabis House,"Kaur, Amandeep, Mgr
",2/23/2021,10888 JASPER AVE NW,,AB,T5J 2B2,7807575889.0,Yes
781258,EDMONTON,Cannabis House,"Kaur, Amandeep, Mgr
",6/8/2020,3333 34 ST NW,,AB,T6T 2K6,7807582505.0,Yes
785249,EDMONTON,Cannabis House,"Kaur, Amandeep, Mgr
",5/12/2023,236-6655 178 ST NW,,AB,T5T 4J5,7807617071.0,Yes
782239,EDMONTON,Cannabis House,"Kaur, Amandeep, Mgr
",1/27/2021,16436 ELLERSLIE ROAD SW,,AB,T6W 4S8,5874895889.0,Yes
779238,EDMONTON,Cannabis House,"Kaur, Amandeep, Mgr
",4/18/2019,20-6964 76 AVE NW,,AB,T6B 2R2,5875202852.0,Yes
784323,EDMONTON,Cannabis Life,"Yisak, Yoseph Teklit, Mgr
",2/10/2023,9329 156 ST NW,,AB,T5R 1Z5,5874896432.0,No 
805259,EDMONTON,Cannabis Revolution,"Williams, Jeffrey Gerald, Mgr
",9/30/2024,8062 167 AVE NW,,AB,T5Z 0E5,7804065720.0,No 
785327,EDMONTON,Cannabis Spot,"Mehari, Mikias, Mgr
",7/5/2023,6914 77 ST NW,,AB,T6E 6V2,8252033697.0,No 
782548,EDMONTON,Cannabis Station,"Bouzetos, Angeliki, Mgr
",6/29/2021,187A-1 BONNIE DOON SHOPPING CENTRE NW,,AB,T6C 4E3,7807571148.0,No 
784533,EDMONTON,Cannabis World,"Baraich, Hardeep Singh, Mgr
",2/6/2023,3385 28A AVE NW,,AB,T6T 0P9,7807575515.0,No 
782499,EDMONTON,Crest Cannabis Castle,"Singh, Parminder, Mgr
",10/28/2021,101-3412 118 AVE NW,,AB,T5W 0Z4,7807054434.0,No 
783604,EDMONTON,Crown Cannabis,"Longowal, Sharronpreet Kaur, Mgr
",6/9/2022,8329 CHAPPELLE WAY SW,,AB,T6W 4S1,7807520049.0,No 
785369,EDMONTON,Crown Cannabis,"Longowal, Pritnam Singh, Mgr
",10/31/2023,11242 82 ST NW,,AB,T5B 2V3,7807523005.0,No 
780845,EDMONTON,Crown Cannabis,"Longowal, Pritnam Singh, Mgr
",9/16/2020,14608 50 ST NW,,AB,T5A 4W9,7807520899.0,No 
782488,EDMONTON,Crown Cannabis,"Longowal, Pritnam Singh, Mgr
",7/26/2023,102-10771 95 STREET NW,,AB,T5H 2C9,7807520065.0,No 
778729,EDMONTON,Crown Cannabis,"Longowal, Pritnam Singh, Mgr
",9/19/2019,9533 76 AVE NW,,AB,T6C 0K1,7807520888.0,No 
783029,EDMONTON,Crown Cannabis,"Longowal, Sharronpreet Kaur, Mgr
",1/13/2022,1515 50 STREET NW,,AB,T6L 7C9,8778319418.0,No 
784234,EDMONTON,Crown Cannabis,"Longowal, Sharronpreet Kaur, Mgr
",5/12/2023,3816 137 AVE NW,,AB,T5Y 3E7,7804737896.0,No 
810590,EDMONTON,Crown Cannabis,"Longowal, Pritnam Singh, Mgr
",8/26/2025,9020 50 ST NW,,AB,T6B 2Z5,8773963969.0,No 
783427,EDMONTON,Delta 9 Cannabis Store,"Arbuthnot, John William, Mgr
",8/31/2021,4512 118 AVE NW,,AB,T5W 1A9,7804777707.0,Yes
783426,EDMONTON,Delta 9 Cannabis Store,"Arbuthnot, John William, Mgr
",8/31/2021,12620F 132 AVE NW,,AB,T5L 3P9,7804542022.0,Yes
782865,EDMONTON,Doobie Cannabis,"Sogy, Sandeep Kumar, Mgr
",1/10/2023,5817 132 AVENUE NW,,AB,T5A 0J1,5877085669.0,Yes
784016,EDMONTON,Downtown 420,"Yu, Cheuk Ying, Mgr
",6/3/2022,1B-10020 JASPER AVE NW,,AB,T5J 1R2,7807611339.0,No 
784142,EDMONTON,Edmonton Cannabis & Edibles,"Sandhu, Sarabjit Singh, Mgr
",11/1/2022,3315 118 AVENUE NW,,AB,T5W 4X1,7807604050.0,Yes
784240,EDMONTON,Edmonton Cannabis & Edibles,"Sandhu, Sarabjit Singh, Mgr
",7/29/2022,10123 82 AVENUE NW,,AB,T6E 1Z5,7807524050.0,Yes
782779,EDMONTON,Elevate,"Vera, Joshua Andrew, Mgr
",8/23/2021,10604 105 AVE NW,,AB,T5H 0L2,7802509903.0,No 
778606,EDMONTON,Elevate,,11/1/2018,14454 118 AVE NW,,AB,T5L 2M5,5874604288.0,No 
778001,EDMONTON,Fire & Flower Cannabis Co.,"Mail, Eli Samuel, Mgr
",11/20/2019,4357 50 ST NW,,AB,T6L 7E8,5876352396.0,Yes
778030,EDMONTON,Fire & Flower Cannabis Co.,"Mail, Eli Samuel, Mgr
",10/17/2018,9610 165 AVE NW,,AB,T5Z 3L3,5876350207.0,Yes
782490,EDMONTON,Fire & Flower Cannabis Co.,"Mail, Eli Samuel, Mgr
",2/10/2021,2412 RABBIT HILL ROAD NW,,AB,T6R 3B5,7804300708.0,Yes
781625,EDMONTON,Fire & Flower Cannabis Co.,"Mail, Eli Samuel, Mgr
",6/11/2020,118-12222 137 AVE NW,,AB,T5L 4X5,5876353037.0,Yes
777987,EDMONTON,Fire & Flower Cannabis Co.,"Mail, Eli Samuel, Mgr
",4/18/2019,113-13710 42 ST NW,,AB,T5Y 2Z2,5876350211.0,Yes
778029,EDMONTON,Fire & Flower Cannabis Co.,"Mail, Eli Samuel, Mgr
",8/6/2019,122-9080 25 AVE SW,,AB,T6X 2H4,7807848756.0,Yes
777998,EDMONTON,Fire & Flower Cannabis Co.,"Mail, Eli Samuel, Mgr
",8/21/2019,10141 100A ST NW,,AB,T5J 0R5,5876350208.0,Yes
780786,EDMONTON,Fire & Flower Cannabis Co.,"Mail, Eli Samuel, Mgr
",11/22/2019,5844 TERRACE RD NW,,AB,T6A 3Y8,5876352398.0,Yes
781971,EDMONTON,Firestone Cannabis - 99,"Lojczyc, Brett Nathan, Mgr
",8/14/2020,9851 63 AVE NW,,AB,T6E 0G7,7802490960.0,No 
782161,EDMONTON,Flower Junction,"Arora, Rajesh, Mgr
",9/3/2021,5936 104 ST NW,,AB,T6H 2K3,7807578420.0,No 
784594,EDMONTON,Four20,"Wells, Misty, Mgr
",8/10/2022,10806 82 AVE NW,,AB,T6E 2B3,7806700160.0,Yes
783279,EDMONTON,FOUR20 Premium Market,"Pernal, Ryan Anthony, Mgr
",6/21/2021,155-5055 101 AVE NW,,AB,T6A 0G7,7804358300.0,Yes
781322,EDMONTON,FOUR20 Premium Market,"Morrow, Scott Andrew, Mgr
",2/25/2020,4-3749 17 STREET NW,,AB,T6T 1A7,7807330918.0,Yes
778694,EDMONTON,Ganja Hut,"Sharma, Raj Kumar, Mgr
",7/8/2019,C-7507 50 ST NW,,AB,T6B 2W8,7807619333.0,Yes
779607,EDMONTON,Glenora Cannabis,"Zimmerman, Douglas Harold, Mgr
",7/29/2019,12321 107 AVE NW,,AB,T5M 3R2,5875212999.0,Yes
816420,EDMONTON,Hey Bud Retail Cannabis,"Fuller, Dawna Marie, Mgr
",11/20/2025,5015 118 AVE NW,,AB,T5W 1B8,5874156371.0,No 
784468,EDMONTON,Hey Bud Retail Cannabis,"Fuller, Dawna Marie, Mgr
",2/28/2023,10311 103 AVENUE,,AB,T5J 0M3,7805400420.0,No 
783880,EDMONTON,Hey Bud Retail Cannabis,"Fuller, Dawna Marie, Mgr
",6/6/2022,15820 STONY PLAIN RD NW,,AB,T5P 3Z6,5875200958.0,No 
784035,EDMONTON,Hollybud Cannabis,"Pandher, Gurpreet Singh, Mgr
",9/26/2022,6004 184 ST NW,,AB,T6M 1X7,8254017000.0,No 
815214,EDMONTON,Hybrid Infusions,,12/15/2025,14849 124 AVE NW,,AB,T5L 3B2,8778132519.0,No 
301595,EDMONTON,Hybrid Infusions Ltd.,,6/10/2021,14849 124 AVE NW,,AB,T5L 3B2,8778132519.0,No 
784970,EDMONTON,Krave Cannabis,"Grewal, Gurpreet Kaur, Mgr
",9/13/2023,12614 118 AVE NW,,AB,T5L 2K8,7804551550.0,No 
784476,EDMONTON,Kurve Cannabis,"Dhaliwal, Ranjeet Singh, Mgr
",8/30/2022,8260 118 AVE NW,,AB,T5B 0S3,7804773076.0,No 
778680,EDMONTON,Kushi Cannabis,"Toor, Baltej Singh, Mgr
",2/21/2020,9442 149 STREET NW,,AB,T5R 1C6,5875238232.0,No 
784233,EDMONTON,Kushi Cannabis,"Toor, Serena Kaur, Mgr
",12/14/2022,382 SADDLEBACK RD NW,,AB,T6J 4R7,5875244200.0,No 
782001,EDMONTON,Lakewood Cannabis,"Villanueva-Hlad, Scott, Mgr
",1/25/2021,1525 LAKEWOOD ROAD WEST  NW,,AB,T6K 3S4,5878553242.0,Yes
301738,EDMONTON,Laniakea Brands,,3/11/2022,11627 163 ST NW,,AB,T5M 3W6,7804970971.0,No 
301840,EDMONTON,Leisure Club,,12/8/2022,9461 49 ST NW,,AB,T6B 2L8,7806903541.0,No 
805636,EDMONTON,Lucid Cannabis,"Mail, Eli Samuel, Mgr
",8/21/2024,4355 167 AVE NW,,AB,T5Y 3Y2,7802445578.0,Yes
805634,EDMONTON,Lucid Cannabis,"Mail, Eli Samuel, Mgr
",8/21/2024,B-15211 111 AVE NW,,AB,T5M 2R1,5875245434.0,Yes
805637,EDMONTON,Lucid Cannabis,"Mail, Eli Samuel, Mgr
",8/21/2024,6613 177 STREET,,AB,T5T 4K3,5875252545.0,Yes
805646,EDMONTON,Lucid Cannabis,"Mail, Eli Samuel, Mgr
",8/21/2024,991 TAMARACK WAY NW,,AB,T6T 0N3,8255124742.0,Yes
819783,EDMONTON,Lux Leaf Cannabis - Glenridding,"Seelen, Kale Joseph Alexander, Mgr
",2/10/2026,16781 RABBIT HILL RD SW,,AB,T6W 5A3,5876351528.0,No 
819776,EDMONTON,Lux Leaf Cannabis - Heritage,"Seelen, Kale Joseph Alexander, Mgr
",2/10/2026,10946 23 AVE NW,,AB,T6J 7J9,5874632011.0,No 
819775,EDMONTON,Lux Leaf Cannabis - SouthPark,"Seelen, Kale Joseph Alexander, Mgr
",2/10/2026,3908 GATEWAY BLVD NW,,AB,T6J 7A9,7804501990.0,No 
301794,EDMONTON,"Mantra Cannabis, Chill'em",,4/7/2022,708 MASSSEY WAY NW,,AB,T6R 3S6,7809089068.0,No 
781775,EDMONTON,Mind-Full,"Hollingsworth, Norman Arthur, Mgr
",10/8/2020,10430 118 AVE NW,,AB,T5G 0P7,7807053250.0,Yes
783674,EDMONTON,Mountain Standard Cannabis,"Martel, Curtis John, Mgr
",12/9/2021,6626 127 AVE NW,,AB,T5C 1P9,7804578730.0,No 
781561,EDMONTON,Mountain Standard Cannabis,"Martel, Curtis John, Mgr
",5/4/2020,13124 82 ST NW,,AB,T5E 2T5,7805408814.0,No 
780585,EDMONTON,Mountain Standard Cannabis,"Martel, Curtis John, Mgr
",12/12/2019,9729 118 AVE NW,,AB,T5G 0P4,7805408283.0,No 
802966,EDMONTON,New Life Canna Ltd.,"Raposo, Robert Francis, Mgr
",6/7/2024,14033 156 ST NW,,AB,T6V 1J1,7809013294.0,No 
783349,EDMONTON,Nspire Cannabis Inc.,"Toor, Naunihal Singh, Mgr
",9/16/2022,3-5010 76 AVE NW,,AB,T6B 0A6,7802600050.0,No 
780947,EDMONTON,NUMO Cannabis,"Nguyen, Daniel Wayne, Mgr
",6/11/2020,1109-10235 124 ST NW,,AB,T5N 1P9,7807528881.0,Yes
782849,EDMONTON,Numo Cannabis,"Nguyen, Daniel Wayne, Mgr
",6/2/2021,13656 137 AVE NW,,AB,T5L 5G6,7805060888.0,Yes
780715,EDMONTON,NUMO Cannabis,"Nguyen, Daniel Wayne, Mgr
",11/25/2019,10765 97 ST NW,,AB,T5H 2M2,7807528882.0,Yes
784436,EDMONTON,NUMO Cannabis Central,"Nguyen, Daniel Wayne, Mgr
",9/19/2022,1-10502 107 AVE NW,,AB,T5H 0W2,7807607878.0,Yes
777920,EDMONTON,Numo Cannabis Corp.,"Nguyen, Daniel Wayne, Mgr
",10/17/2018,11733 95 ST NW,,AB,T5G 1M1,7807058885.0,Yes
301585,EDMONTON,Partake Cannabis Inc.,,4/29/2021,9336 37 AVE NW,,AB,T6E 5K3,7804503407.0,No 
783750,EDMONTON,Planet Hollyweed,"Pannu, Navamarbir Singh, Mgr
",6/1/2022,831 DANIELS WAY SW,,AB,T6W 4T5,5872009974.0,No 
808551,EDMONTON,Plant Life,"Scott, Ian Hardie, Mgr
",2/10/2025,21526 92 AVE NW,,AB,T5T 7W2,8254045405.0,No 
783712,EDMONTON,Plantlife,"Scott, Ian Hardie, Mgr
",2/3/2022,5229 167 AVE NW,,AB,T5Y 0L2,7807601897.0,Yes
780993,EDMONTON,Plantlife,"Scott, Ian Hardie, Mgr
",9/10/2019,14130 28 AVE SW,,AB,T6W 3Y9,5874141199.0,No 
784136,EDMONTON,Plantlife,"Scott, Ian Hardie, Mgr
",6/29/2022,10328 103 ST NW,,AB,T5J 0Y9,7804900256.0,Yes
781098,EDMONTON,Plantlife,"Scott, Ian Hardie, Mgr
",6/15/2020,104-2217 101 ST NW,,AB,T6N 0B8,5875234433.0,Yes
781038,EDMONTON,Plantlife,"Scott, Ian Hardie, Mgr
",11/1/2019,9776-9530 170 STREET NW,,AB,T5T 5L9,7804440152.0,Yes
785346,EDMONTON,Plantlife,"Scott, Ian Hardie, Mgr
",6/23/2023,17324 HILLER RD SW,,AB,T6W 4H3,5874904699.0,No 
784171,EDMONTON,Plantlife,,6/10/2022,6639 25 AVE SW,,AB,T6X 2Z3,7806131826.0,No 
781093,EDMONTON,Plantlife,"Scott, Ian Hardie, Mgr
",11/1/2019,10185 186 ST NW,,AB,T5S 0G5,7804540537.0,No 
782144,EDMONTON,Plantlife,"Scott, Ian Hardie, Mgr
",3/9/2021,12920 167 AVE NW,,AB,T6V 1J6,7807602992.0,Yes
782711,EDMONTON,Plantlife,"Scott, Ian Hardie, Mgr
",7/7/2021,5245 ELLERSLIE RD SW,,AB,T6X 1X2,7805401984.0,Yes
781357,EDMONTON,Plantlife,"Scott, Ian Hardie, Mgr
",6/23/2020,6115 CURRENTS DR NW,,AB,T6W 2Z4,5875234405.0,No 
780573,EDMONTON,Plantlife,"Scott, Ian Hardie, Mgr
",9/30/2020,1309 WINDERMERE WAY SW,,AB,T6W 2P3,7807586185.0,No 
783351,EDMONTON,Pluto Cannabis,"Zhu, Tianyu, Mgr
",5/12/2022,106-10104 111 AVE NW,,AB,T5G 0B3,7807588802.0,Yes
783994,EDMONTON,Pop's Cannabis,"Arbuthnot, John William, Mgr
",3/31/2022,256 MANNING CROSS NW UNIT A106-2,,AB,T5A 5A1,7802502520.0,Yes
783992,EDMONTON,Pop's Cannabis,"Arbuthnot, John William, Mgr
",3/31/2022,12751 50 ST NW,,AB,T5A 4L8,5875236999.0,Yes
783990,EDMONTON,Pop's Cannabis (WEST),"Arbuthnot, John William, Mgr
",3/31/2022,12988 50 ST NW,,AB,T5A 4L2,7804063862.0,Yes
783997,EDMONTON,Pop's Cannabis (WEST),"Arbuthnot, John William, Mgr
",3/31/2022,12918 82 ST NW,,AB,T5E 2T2,7805403399.0,Yes
783996,EDMONTON,Pop's Cannabis (WEST),"Arbuthnot, John William, Mgr
",3/31/2022,14147 127 ST NW,,AB,T6V 1E7,7807579968.0,Yes
783983,EDMONTON,Pop's Cannabis (WEST),"Arbuthnot, John William, Mgr
",3/31/2022,13712 113A ST NW,,AB,T5X 4H7,5875237546.0,Yes
784075,EDMONTON,Pop's Cannabis (WEST),"Arbuthnot, John William, Mgr
",3/31/2022,17042 90 AVE NW,,AB,T5T 1L6,5875236997.0,Yes
783985,EDMONTON,Pop's Cannabis (WEST),"Arbuthnot, John William, Mgr
",3/31/2022,12950 97 STREET NW,,AB,T5E 4C3,5875237045.0,Yes
783995,EDMONTON,Pop's Cannabis (WEST),"Arbuthnot, John William, Mgr
",3/31/2022,13210 118 AVE NW,,AB,T5L 4N4,7805403875.0,Yes
783984,EDMONTON,Pop's Cannabis (WEST),"Arbuthnot, John William, Mgr
",3/31/2022,10404 68 AVE NW,,AB,T6H 2A9,5875236967.0,Yes
782883,EDMONTON,Select Cannabis,"Nguyen, Andrew, Mgr
",5/4/2021,10124 149 ST NW,,AB,T5P 1L1,7807522282.0,Yes
785145,EDMONTON,Select Cannabis,"Nguyen, Tom, Mgr
",6/13/2023,8924 118 AVENUE NW,,AB,T5B 0T6,7802495800.0,Yes
782563,EDMONTON,Select Cannabis,"Nguyen, Duy Thomas, Mgr
",5/19/2021,13546 97 ST NW,,AB,T5E 4E2,7805402837.0,Yes
801494,EDMONTON,Select Cannabis,"Nguyen, Duy Thomas, Mgr
",4/1/2026,10A-8103 127 AVE NW,,AB,T5C 1R9,5875211555.0,Yes
781636,EDMONTON,Smokey's,"Gill, JD, Mgr
",10/14/2020,5017 22 AVE SW,,AB,T6X 2N4,7804400911.0,Yes
778064,EDMONTON,Smokey's,"Gill, JD, Mgr
",7/29/2019,7223 101 AVE NW,,AB,T6A 0H9,7804402912.0,Yes
781797,EDMONTON,Smokey's,"Gill, JD, Mgr
",11/10/2020,2366 23 AVE NW,,AB,T6T 0R1,7805402280.0,Yes
778026,EDMONTON,Spiritleaf - Heritage Links,"Power, Paul William, Mgr
",7/22/2019,103-10903 23 AVE NW,,AB,T6J 1X3,7807525323.0,No 
782440,EDMONTON,Spiritleaf - MacEwan,"Power, Paul, Mgr
",4/14/2021,11156 ELLERSLIE RD SW,,AB,T6W 1A2,7802443213.0,No 
814461,EDMONTON,Spiritleaf - Whyte Ave,"Sanderson, Grant Leigh, Mgr
",10/2/2025,10134 82 AVE NW,,AB,T6E 1Z4,5875203710.0,No 
817054,EDMONTON,Spiritleaf Gateway,"Odishaw, Michelle Lee Anne, Mgr
",1/12/2026,4211 CALGARY TRAIL NW,,AB,T6J 5P4,5876353893.0,No 
782323,EDMONTON,The Cannabis Cellar,"Zimmerman, Douglas Harold, Mgr
",5/6/2021,11639A JASPER AVE NW LOWER GROUND FLOOR,,AB,T5K 0M9,5875247374.0,Yes
777921,EDMONTON,The Local Cannabist,"McPherson, James Andrew, Mgr
",7/29/2019,B1-14727 87 AVE NW,,AB,T5R 4E5,7804849333.0,Yes
301613,EDMONTON,Token Naturals Ltd.,,7/22/2021,12526 126 AVENUE NW,,AB,T5L 3C7,7809188422.0,No 
785517,EDMONTON,T's Cannabis,"Mahal, Baljinder Kaur, Mgr
",7/21/2023,12303A 118 AVE NW,,AB,T5L 2K2,7807613831.0,Yes
812605,EDMONTON,T's Cannabis,"Mahal, Baljinder Kaur, Mgr
",8/21/2025,5233 TERWILLEGAR BLVD NW,,AB,T6R 0C5,7804692115.0,No 
808422,EDMONTON,URBN Leaf Cannabis Company Clareview,"Ruether, Craig Thomas, Mgr
",11/29/2024,14053 VICTORIA TRAIL NW,,AB,T5Y 2B6,5874981237.0,No 
814462,EDMONTON,Value Buds - Garneau,"Sanderson, Grant Leigh, Mgr
",10/3/2025,8211 111 ST NW,,AB,T6G 2V1,7805408146.0,No 
814008,EDMONTON,Value Buds - Manning,"Sanderson, Grant Leigh, Mgr
",11/20/2025,3634 153 AVE NW,,AB,T5Y 0S5,5874896861.0,No 
814465,EDMONTON,Value Buds - Oxford Park,"Sanderson, Grant Leigh, Mgr
",10/2/2025,15274 127 ST NW,,AB,T6V 0C5,5876354280.0,No 
814463,EDMONTON,Value Buds - Sherbrooke,"Sanderson, Grant Leigh, Mgr
",10/2/2025,11835 ST ALBERT TRAIL NW,,AB,T5L 5B5,5876353524.0,No 
783761,EDMONTON,Value Buds at 112th Street,"Sanderson, Grant Leigh, Mgr
",4/8/2022,10387 112 ST NW,,AB,T5K 1M9,5875201076.0,No 
786375,EDMONTON,Value Buds at Belmont Town,"Sanderson, Grant Leigh, Mgr
",7/4/2024,13524 VICTORIA TRAIL NW,,AB,T5A 5C9,5874015614.0,No 
778143,EDMONTON,Value Buds at Chappelle Commons,"Sanderson, Grant Leigh, Mgr
",12/3/2019,14143 28 AVE SW,,AB,T6W 4H2,5874545772.0,No 
781564,EDMONTON,Value Buds at Griesbach,"Sanderson, Grant Leigh, Mgr
",6/12/2020,106-9910 137 AVE NW,,AB,T5E 6W1,7802442527.0,No 
783245,EDMONTON,Value Buds at Hamptons,"Sanderson, Grant Leigh, Mgr
",6/15/2021,19908 LESSARD RD NW,,AB,T6M 0T9,5875231427.0,No 
784452,EDMONTON,Value Buds at Heritage Valley,"Sanderson, Grant Leigh, Mgr
",11/3/2022,2706 JAMES MOWATT TRAIL SW,,AB,T6W 3R3,5874979822.0,No 
778142,EDMONTON,Value buds at Jasper Ave & 121 Street,"Sanderson, Grant Leigh, Mgr
",12/4/2019,B-12120 JASPER AVE NW,,AB,T5N 3J8,7807577175.0,No 
778732,EDMONTON,Value Buds at Jasper Gates,"Sanderson, Grant Leigh, Mgr
",12/3/2019,14971 STONY PLAIN RD NW,,AB,T5P 4W1,7807607175.0,No 
780925,EDMONTON,Value Buds at Mayfield Common,"Sanderson, Grant Leigh, Mgr
",12/3/2019,120 MAYFIELD COMMON NW,,AB,T5P 4B3,7802502465.0,No 
782422,EDMONTON,Value Buds at Meyokumin,"Sanderson, Grant Leigh, Mgr
",9/3/2021,5619 23 AVE NW,,AB,T6L 7B9,7804404218.0,No 
778135,EDMONTON,Value Buds at Namao,"Sanderson, Grant Leigh, Mgr
",10/17/2018,16616 95 ST NW,,AB,T5Z 3L2,7807607600.0,No 
783128,EDMONTON,Value Buds at NW Landing,"Sanderson, Grant Leigh, Mgr
",5/27/2021,737 MISTATIM WAY,,AB,T6V 0M8,7807529771.0,No 
779305,EDMONTON,Value Buds at Off Whyte,"Sanderson, Grant Leigh, Mgr
",10/17/2018,B-8015 104 ST NW,,AB,T6E 4E3,7804397540.0,No 
781884,EDMONTON,Value Buds at Rabbit Hill Road,"Sanderson, Grant Leigh, Mgr
",10/22/2020,5035 MULLEN RD NW,,AB,T6R 0S9,8255123840.0,No 
778145,EDMONTON,Value Buds at Riverbend Square,"Sanderson, Grant Leigh, Mgr
",11/15/2019,548 RIVERBEND SQ NW,,AB,T6R 2E3,7807522931.0,No 
782293,EDMONTON,Value Buds at Summerside,"Sanderson, Grant Leigh, Mgr
",4/21/2021,936 91 ST SW,,AB,T6X 0P2,5875247322.0,No 
778433,EDMONTON,Value Buds at the Meadows,"Sanderson, Grant Leigh, Mgr
",4/18/2019,1938 38 AVE NW,,AB,T6T 0B9,7804633564.0,No 
809633,EDMONTON,Value Buds at West Granville,"Sanderson, Grant Leigh, Mgr
",2/2/2026,7127 WINTERBURN RD NW,,AB,T5T 4K2,7807847433.0,No 
803168,EDMONTON,Viridis Cannabis,"Garneau, Nathaniel Lucien Francis, Mgr
",6/12/2025,17912 107 AVE NW,,AB,T5S 1J1,5874884515.0,No 
782592,EDMONTON,Wake N' Bake Cannabis,"Aggarwal, Amit, Mgr
",10/5/2021,6609 99 ST NW,,AB,T6E 3P7,7807619253.0,No 
782657,EDMONTON,Wake N' Bake Cannabis,"Aggarwal, Amit, Mgr
",9/1/2021,3725 118 AVE NW,,AB,T5W 0Z3,7807619253.0,No 
783743,EDMONTON,Wake N' Bake Cannabis,"Aggarwal, Amit, Mgr
",4/19/2022,16624 109 AVE NW,,AB,T5P 1C2,7807619253.0,No 
782396,EDMONTON,Wake N' Bake Cannabis,"Aggarwal, Amit, Mgr
",6/16/2021,6937 ELLERSLIE RD SW,,AB,T6X 2A1,7807619253.0,No 
783330,EDMONTON,Wake N' Bake Cannabis,"Aggarwal, Amit, Mgr
",12/16/2021,1091 KNOTTWOOD ROAD EAST  NW,,AB,T6K 3N5,7807619253.0,No 
785662,EDMONTON,Wake N' Bake Cannabis,"Aggarwal, Amit, Mgr
",11/24/2023,101-16761 91 ST NW,,AB,T5Z 2X4,7807619253.0,No 
783744,EDMONTON,Wake N' Bake Cannabis,"Aggarwal, Amit, Mgr
",3/22/2022,858 119 STREET SW,,AB,T6W 0J1,7807619253.0,No 
814464,EDMONTON INTERNATIONAL AIRPORT,Spiritleaf - Airpoint,"Sanderson, Grant Leigh, Mgr
",10/3/2025,2320 46 AVE E,,AB,T9E 1K2,7807709169.0,No 
782389,EDSON,Canna Cabana,"Jimenez, Jan Michael A, Mgr
",4/13/2021,4904 4 AVENUE,,AB,T7E 1L9,8256054070.0,Yes
780977,EDSON,Value Buds at Edson,"Sanderson, Grant Leigh, Mgr
",1/23/2020,4524 4 AVENUE  UNIT 2,,AB,T7E 1A1,7807127370.0,No 
782087,ELK POINT,CannaB3,"Becker, Logan Dexter, Mgr
",3/1/2021,5305 47 STREET,,AB,T0A 1A0,7807242066.0,No 
805976,ELK POINT,Kosyak Cannabis Group,"Gadowski, Josh Andrew, Mgr
",3/19/2025,46 ST    BOX 1018,,AB,T0A 1A0,7806463773.0,No 
779620,ENOCH,7 Points Cannabis,"Morin, Chase Blake, Mgr
",10/10/2019,102-21557 CHIEF LAPOTAC BOULEVARD,,AB,T7X 3Y3,5874154804.0,Yes
781687,ENTWISTLE,F & L Cannabis Inc.,"Fertig, Stephan Marvin Wayne, Mgr
",6/3/2020,2-5111 47 AVENUE,,AB,T0E 0S0,7807274577.0,No 
781054,FAIRVIEW,Bud Runners Cannabis,"Gerk, Cody Joseph, Mgr
",12/2/2019,10318 110 STREET,,AB,T0H 1L0,7808353520.0,No 
784458,FAIRVIEW,The Potterie Fairview,"Roche, Ben James, Mgr
",5/31/2022,10916 102 AVENUE,,AB,T0H 1L0,7807724367.0,Yes
781814,FALHER,Plain Jane Cannabis,"Carson, Tatum Sofia L., Mgr
",3/29/2021,35 1 AVENUE SW,,AB,T0H 1M0,7808372073.0,No 
784463,FALHER,The Potterie Falher,"Roche, Ben James, Mgr
",6/1/2022,1-113 MAIN STREET SW,,AB,T0H 1M0,7808374472.0,Yes
809050,FOOTHILLS,The Craft THC Corp,"Barrett, Colin Lynn, Mgr
",3/18/2025,96050 HWY 547,,AB,T0L 0A0,4038199779.0,No 
817629,FORESTBURG,Goodvibes Cannabis of Forestburg,"Kalia, Akshthal, Mgr
",2/20/2026,1-4816 50TH ST,,AB,T0B 0H7,6477745325.0,No 
784287,FORT MACLEOD,Cannabis by Nature,"Singh, Gurdeep, Mgr
",7/20/2022,2317 3 AVENUE,,AB,T0L 0Z0,4035532566.0,No 
801884,FORT MACLEOD,Fort Bud Supply,"Mail, Eli Samuel, Mgr
",6/6/2024,2311 2 AVENUE,,AB,T0L 0Z0,4035533847.0,Yes
778943,FORT MCMURRAY,Borealis Buds,"Hickey, Kendall Charles, Mgr
",10/11/2019,7-8520 MANNING AVE,,AB,T9H 5G2,5872751624.0,Yes
811584,FORT MCMURRAY,Canna Cabana,"Wheeler, Ethan James, Mgr
",9/23/2025,10024 FRANKLIN AVE,,AB,T9H 2K6,7807880660.0,No 
785546,FORT MCMURRAY,Canna Cabana,"Wheeler, Ethan James, Mgr
",1/24/2024,118 MILLENNIUM DRIVE,,AB,T9K 2S8,5872765003.0,No 
780583,FORT MCMURRAY,Plantlife,"Scott, Ian Hardie, Mgr
",7/7/2020,235 EAGLE RIDGE BLVD,,AB,T9K 2Z7,4037000442.0,Yes
780987,FORT MCMURRAY,Plantlife,"Scott, Ian Hardie, Mgr
",9/10/2019,106-108 RIVERSTONE RIDGE,,AB,T9K 1S6,5876011417.0,No 
781100,FORT MCMURRAY,Value Buds at Franklin Ave,"Sanderson, Grant Leigh, Mgr
",12/20/2019,1-9623 FRANKLIN AVE,,AB,T9H 2J8,7807151838.0,No 
778097,FORT MCMURRAY,Value Buds at Thickwood Mall,"Sanderson, Grant Leigh, Mgr
",10/15/2019,113-310 THICKWOOD BLVD,,AB,T9K 1Y1,5872753344.0,No 
781424,FORT MCMURRAY,Wood Buffalo Budget Buds,"Jean, Kimberley, Mgr
",8/14/2020,105-9904 FRANKLIN AVENUE,,AB,T9H 2K5,7807500420.0,Yes
780190,FORT SASKATCHEWAN,Canna Cabana,"Jimenez, Jan Michael A, Mgr
",7/8/2019,10310A 100 AVE,,AB,T8L 1Z1,5872851445.0,Yes
778739,FORT SASKATCHEWAN,Cannabis Discounter,"Kaur, Amandeep, Mgr
",4/18/2019,103-120 SOUTHRIDGE BLVD,,AB,T8L 0P6,7805890056.0,Yes
782038,FORT SASKATCHEWAN,Cannabis House,"Kaur, Amandeep, Mgr
",12/17/2020,110-130 WESTPARK BLVD,,AB,T8L 0B2,5872850010.0,Yes
780995,FORT SASKATCHEWAN,Plantlife,"Scott, Ian Hardie, Mgr
",9/10/2019,115-8701 94 ST,,AB,T8L 4P7,7809125598.0,No 
778179,FORT SASKATCHEWAN,THC Hub,"Sandhu, Jaspreet Singh, Mgr
",1/20/2020,101-10010 86 AVENUE,,AB,T8L 4P4,5872854500.0,No 
777937,FORT SASKATCHEWAN,Value Buds at Southpointe,"Sanderson, Grant Leigh, Mgr
",10/17/2018,101-9310 SOUTHFORT DR,,AB,T8L 0C5,5872852556.0,No 
784674,FORT VERMILION,Grampa's Finest,,9/22/2022,4803 49 STREET,,AB,T0H 1N0,7809273036.0,No 
781366,FOX CREEK,FC Botanica,"Passerin, Ramona Heidi, Mgr
",6/11/2020,55A-KAYBOB DRIVE,,AB,T0H 1P0,7807797611.0,No 
806794,GIBBONS,F & L Cannabis Inc,"Fertig, Stephan Marvin Wayne, Mgr
",3/5/2025,10-56016 28A HWY,,AB,T0A 1N1,7805788124.0,No 
780634,GIBBONS,Sunrise Cannabis Retail Ltd.,"Brinegar, James Dwight, Mgr
",1/6/2020,4614 50 AVENUE,,AB,T0A 1N0,7809645572.0,No 
784495,GLEICHEN,Gleichen Cannabis Store,"Gill, Sarbjit Singh, Mgr
",9/19/2022,414 MAIN STREET,,AB,T0J 1N0,4037342068.0,No 
781938,GRANDE CACHE,Labyrinth Cannabis,"Dhiman, Davendr, Mgr
",5/17/2021,1300 SHOPPERS PARK MALL,,AB,T0E 0Y0,7808849782.0,No 
800367,GRANDE CACHE,Twister's Cannabis,"Singh, Baljit, Mgr
",5/30/2024,1800 PINE PLAZA,,AB,T0E 0Y0,7808275245.0,No 
783347,GRANDE PRAIRIE,Canna Cabana,"Jimenez, Jan Michael A, Mgr
",2/16/2022,115-11070 100 AVE,,AB,T8V 7L5,5874379371.0,Yes
778402,GRANDE PRAIRIE,Canna Cabana,"Jimenez, Jan Michael A, Mgr
",6/3/2019,10831 100 ST,,AB,T8V 2M7,7805383343.0,Yes
784066,GRANDE PRAIRIE,Canna Cabana,"Wheeler, Ethan James, Mgr
",5/2/2023,370-11801 100 ST,,AB,T8V 3Y2,5877713017.0,Yes
800676,GRANDE PRAIRIE,Cannabis 4 Less,"Hinks, Lucas Gault Juneau, Mgr
",12/4/2024,100A-10661 108A ST,,AB,T8V 7X5,5872992265.0,Yes
779417,GRANDE PRAIRIE,Cannabis 4 Less,"Hinks, Lucas Gault Juneau, Mgr
",5/30/2019,101-8801 RESOURCES RD,,AB,T8V 3A6,5872992401.0,Yes
782398,GRANDE PRAIRIE,Cannabis 4 Less - Downtown,"Hinks, Lucas Gault Juneau, Mgr
",3/18/2021,101-10016 110 AVENUE,,AB,T8V 8L4,5874956774.0,Yes
816534,GRANDE PRAIRIE,Frosted Acres Cannabis,"Lein, Morgan Wade, Mgr
",3/24/2026,103-10011 92 ST,,AB,T8V 7T5,5872993465.0,No 
784186,GRANDE PRAIRIE,Hey Buddy Cannabis,"Bezanson, Martine Louise, Mgr
",9/12/2022,102-9519 68 AVE,,AB,T8V 7X8,5872972833.0,No 
805640,GRANDE PRAIRIE,Lucid Cannabis,"Mail, Eli Samuel, Mgr
",8/21/2024,101-13205 102 ST,,AB,T8X 0V5,5872993845.0,Yes
782553,GRANDE PRAIRIE,Lucky Leaf,"D'Souza, Sheldon Paul, Mgr
",8/9/2021,1-9701 84 AVE,,AB,T8V 4Z8,5872974230.0,Yes
778198,GRANDE PRAIRIE,Lucky Leaf Cannabis Retailers Ltd.,"D'Souza, Sheldon Paul, Mgr
",11/8/2018,9702 100 ST,,AB,T8V 6N6,5872974230.0,Yes
781807,GRANDE PRAIRIE,Off the Record Cannabis,"Dowber, Daniel Albert W., Mgr
",2/12/2021,102-8200 100 ST,,AB,T8V 6H7,7805328334.0,Yes
800740,GRANDE PRAIRIE,One Plant Grande Prairie,"Serruya, Aaron, Mgr
",12/17/2024,105-9925 114TH AVE,,AB,T8V 4A9,7805332243.0,No 
783970,GRANDE PRAIRIE,Plantlife,"Scott, Ian Hardie, Mgr
",5/4/2022,111-9824 92 ST,,AB,T8X 0E7,5872020434.0,No 
780991,GRANDE PRAIRIE,Plantlife,"Scott, Ian Hardie, Mgr
",9/10/2019,103-11535 WESTGATE DR,,AB,T8V 3B1,5878525595.0,No 
777982,GRANDE PRAIRIE,URBN Leaf Cannabis Company Hillside,"Ruether, Craig Thomas, Mgr
",7/8/2019,107-9320 100 AVE,,AB,T8V 0S7,7805323133.0,No 
785476,GRANDE PRAIRIE,URBN Leaf Cannabis Company Swanavon,"Ruether, Craig Thomas, Mgr
",6/16/2023,9312 100 ST,,AB,T8V 2K9,7805332343.0,No 
820046,GRANDE PRAIRIE,Value Buds at GP South,"Sanderson, Grant Leigh, Mgr
",2/5/2026,102-10716 82 AVE,,AB,T8W 0G9,7805130300.0,No 
778139,GRANDE PRAIRIE,Value Buds at Grande Prairie,"Sanderson, Grant Leigh, Mgr
",7/29/2019,10940 102 AVE,,AB,T8V 8J5,5872590797.0,No 
782912,GRANDE PRAIRIE,Value Buds at Railtown,"Sanderson, Grant Leigh, Mgr
",9/15/2021,8406 RESOURCES RD,,AB,T8V 6S4,7808300251.0,No 
778278,GRIMSHAW,Bud Runners Cannabis,"Gerk, Sarah Lynn, Mgr
",11/5/2018,5822 51 STREET,,AB,T0H 1W0,7803321783.0,No 
784464,GRIMSHAW,The Potterie Grimshaw,"Roche, Ben James, Mgr
",5/31/2022,4905 55 AVENUE,,AB,T0H 1W0,7802194367.0,Yes
781059,HANNA,Shortgrass Cannabis,"Larson, Barbara Ann, Mgr
",11/10/2020,228A 2 AVENUE WEST,,AB,T0J 1P0,4038579273.0,No 
783100,HIGH LEVEL,HAZE,"Chabot, Tia Lynn, Mgr
",11/4/2021,9901 100 AVENUE,,AB,T0H 1Z0,7805132663.0,Yes
779197,HIGH LEVEL,It's 4:20 Somewhere,"Powers, Dustin Wyatt, Mgr
",7/22/2019,9809 101 STREET,,AB,T0H 1Z0,7808785420.0,No 
779288,HIGH PRAIRIE,Cannabis 4 Less,"Hinks, Lucas Gault Juneau, Mgr
",7/15/2019,4838 51 AVENUE,,AB,T0G 1E0,7805362538.0,Yes
779457,HIGH PRAIRIE,Urban Leaf Inc.,"Kruger, Jerry Alexander, Mgr
",4/18/2019,5113 53 AVENUE,,AB,T0G 1E0,7805232616.0,No 
778107,HIGH RIVER,Chinook Cannabis Inc.,"Baer, Casey Jay, Mgr
",7/22/2019,4-112 CENTRE STREET  SE,,AB,T1V 0G5,5873634372.0,Yes
783289,HIGH RIVER,Value Buds at High River,"Sanderson, Grant Leigh, Mgr
",6/22/2021,1204C 16 ST SE,,AB,T1V 2B1,4036496420.0,No 
805527,HINES CREEK,The Potterie Hines Creek,"Roche, Ben James, Mgr
",8/16/2024,1026 1 AVENUE,,AB,T0H 2A0,7804940333.0,No 
802494,HINTON,Canna Cabana,"Wheeler, Ethan James, Mgr
",12/13/2024,355-900 CARMICHAEL LANE,,AB,T7V 1Y6,8254212604.0,No 
778032,HINTON,Fire & Flower Cannabis Co.,"Mail, Eli Samuel, Mgr
",10/19/2018,263 GREGG AVE,,AB,T7V 2A7,7808654818.0,Yes
778658,HINTON,Rocky Mountain Collective,,10/19/2018,393 DRINNAN WAY,,AB,T7V 2A3,7808176755.0,Yes
778628,HINTON,Rocky Mountain Collective,,10/19/2018,437 GREGG AVE,,AB,T7V 1N1,7808176755.0,Yes
779226,INNISFAIL,Revive Cannabis Inc.,"Harrington, Nathan Lyle, Mgr
",8/23/2019,4917 50 STREET,,AB,T4G 1W4,4032270267.0,Yes
778582,INNISFAIL,The Green Box Cannabis,"Miller, Krystal Lee, Mgr
",8/6/2019,4915 47 AVE,,AB,T4G 1N8,4038653288.0,Yes
779364,IRRICANA,Convenient Cannabis Inc.,"Fleming, Nathanial Charles, Mgr
",7/29/2019,302 2 STREET,,AB,T0M 1B0,4039031608.0,No 
782198,JASPER,Rocky Mountain Collective,"Bamsey, Trevor Allan, Mgr
",3/18/2022,600 PATRICIA STREET,,AB,T0E 1E0,7808176755.0,Yes
814460,JASPER,Spiritleaf - Jasper,"Sanderson, Grant Leigh, Mgr
",10/6/2025,102-618 PATRICIA STREET,,AB,T0E 1E0,7808522222.0,No 
778593,KILLAM,The Green Box Cannabis,"Miller, Krystal Lee, Mgr
",1/8/2020,5032 53 STREET,,AB,T0B 2L0,7803857899.0,Yes
778027,KINUSO,K-Town Budz,"Millett, Gerald Allison, Mgr
",7/22/2019,57 CENTRE STREET,,AB,T0G 1K0,7805294700.0,No 
778299,LAC LA BICHE,Equilibrium Cannabis,"Webster, Gerald Daniel, Mgr
",5/30/2019,10130 101 AVENUE,,AB,T0A 2C0,7806232288.0,No 
779018,LAC LA BICHE,The Green Eden,"St. Jean, Carol Ann, Mgr
",10/7/2022,10213 101 AVENUE,,AB,T0A 2C0,7806233336.0,No 
778791,LACOMBE,Canna Cabana,"Jimenez, Jan Michael A, Mgr
",7/2/2019,5022 50 ST,,AB,T4L 1W8,4037895222.0,Yes
783567,LACOMBE,Cannabis 4 Less,"Hinks, Lucas Gault Juneau, Mgr
",4/8/2022,301-4457 HWY 12,,AB,T4L 1A8,7802282881.0,Yes
779053,LACOMBE,Merry Guanas,"Panelli, Matthew Thomas, Mgr
",7/8/2019,104-4711 49B AVE,,AB,T4L 1K1,4037893306.0,No 
778592,LACOMBE,The Green Box Cannabis,"Miller, Krystal Lee, Mgr
",8/6/2019,4806 HIGHWAY 2A,,AB,T4L 1N3,4037893288.0,Yes
783648,LAMONT,CannaB3,"Becker, Logan Dexter, Mgr
",2/14/2022,101-5037 47 AVENUE,,AB,T0B 2R0,7808952370.0,No 
782441,LANGDON,Highway 560 Cannabis,"Lall, Jaspal Singh, Mgr
",3/11/2021,5-724 CENTRE ST NE,,AB,T0J 1X1,4039549333.0,No 
782205,LEDUC,Canna Cabana,"Wheeler, Ethan James, Mgr
",11/18/2020,103-6207 50 ST,,AB,T9E 7A9,7807690313.0,Yes
803740,LEDUC,Euphora Brands,"Abba, Nahid Badrudin, Mgr
",6/13/2024,3498 63 AVE,,AB,T9E 0R8,,No 
782354,LEDUC,Firestone Cannabis,"Lojczyc, Brett Nathan, Mgr
",1/18/2021,4-5310 DISCOVERY WAY,,AB,T9E 8L9,7806121947.0,No 
778532,LEDUC,Grass Roots,"Mitchell, Lorena Dawn, Mgr
",4/18/2019,104-5906 50 ST,,AB,T9E 0R6,7807390660.0,Yes
301841,LEDUC,PBG BioPharma,,6/24/2022,102-4101 65A AVE,,AB,T9E 0Z4,7809809801.0,No 
782774,LEDUC,Plantlife,"Scott, Ian Hardie, Mgr
",6/11/2021,101B-5406 DISCOVERY WAY,,AB,T9E 8L9,7807391867.0,No 
801885,LETHBRIDGE,Bridge Bud Supply,"Mail, Eli Samuel, Mgr
",5/13/2024,20-1917 MAYOR MAGRATH DR S,,AB,T1K 2R8,4033206699.0,Yes
801886,LETHBRIDGE,Bridge Bud Supply North,"Mail, Eli Samuel, Mgr
",5/10/2024,3-1475 ST EDWARD BLVD N,,AB,T1H 2P9,5874250930.0,Yes
801887,LETHBRIDGE,Bridge Bud Supply West,"Mail, Eli Samuel, Mgr
",5/10/2024,1-15 MICMAC BLVD W,,AB,T1K 7R1,5874251399.0,Yes
783274,LETHBRIDGE,Canna Cabana,"Wheeler, Ethan James, Mgr
",6/18/2021,1328 MAYOR MAGRATH DR S,,AB,T1K 2R2,4039425586.0,Yes
778401,LETHBRIDGE,Canna Cabana,"Jimenez, Jan Michael A, Mgr
",11/5/2018,10-23 SOUTHGATE BLVD S,,AB,T1K 6S5,4039424146.0,Yes
782213,LETHBRIDGE,Canna Cabana,"Wheeler, Ethan James, Mgr
",11/18/2020,20-338 UNIVERSITY DR W,,AB,T1J 5C9,4039425581.0,Yes
783698,LETHBRIDGE,FOUR20 Premium Market,"Morrow, Scott Andrew, Mgr
",10/14/2021,989 COLUMBIA BLVD W,,AB,T1K 4M5,4033813545.0,Yes
782567,LETHBRIDGE,Green Queen Cannabis,"Milliken, Kelly Elizabeth, Mgr
",9/24/2021,357 STAFFORD DR N,,AB,T1H 2A7,4039423122.0,No 
816081,LETHBRIDGE,Inspired Cannabis Co.,"Dhami, Jaspinder Singh, Mgr
",2/20/2026,20-323 BLUEFOX BLVD N,,AB,T1H 6T3,4039423555.0,Yes
785322,LETHBRIDGE,L.A. Cannabis Store,"Barot, Jaydeepsingh Harisingh, Mgr
",7/26/2023,231 13 ST N,,AB,T1H 2R6,5873703536.0,No 
782118,LETHBRIDGE,Ozone Cannabis,"Gill, Sarabjit Singh, Mgr
",4/30/2021,678 COLUMBIA BLVD W,,AB,T1K 5J9,5874251250.0,No 
782408,LETHBRIDGE,Ozone Cannabis,"Gill, Sarabjit Singh, Mgr
",7/23/2021,732 23 ST N,,AB,T1H 3S7,5874252060.0,No 
781099,LETHBRIDGE,Plantlife,"Scott, Ian Hardie, Mgr
",1/13/2020,10-3115 26 AVENUE NORTH,,AB,T1H 5P4,4039423843.0,No 
778386,LETHBRIDGE,The Source Cannabis,"Swayze, Ryan Charles, Mgr
",8/6/2019,208 13 ST S,,AB,T1J 2V4,4036344004.0,Yes
779521,LETHBRIDGE,Twenty Four Karats,"Pan, Hua Chieh Edward, Mgr
",10/31/2018,2220 5 AVE S,,AB,T1J 4G6,4033812828.0,Yes
780908,LETHBRIDGE,Value Buds at South Lethbridge,"Sanderson, Grant Leigh, Mgr
",12/11/2019,20-3160 FAIRWAY ST S,,AB,T1K 6T9,4033206317.0,No 
778538,LETHBRIDGE,Value Buds at West Lethbridge Towne Centre,"Sanderson, Grant Leigh, Mgr
",12/10/2019,9-550 UNIVERSITY DR W,,AB,T1J 4T3,5874252008.0,No 
779434,LETHBRIDGE,WestCan Cannabis,"O'Connor, Aidan Robert, Mgr
",10/3/2019,9-1702 23 ST N,,AB,T1H 5B3,4039420797.0,No 
781723,LETHBRIDGE,WestCan Cannabis,"O'Connor, Aidan Robert, Mgr
",9/9/2020,20-10 AQUITANIA BLVD W,,AB,T1J 5L4,4033272005.0,No 
779148,LLOYDMINSTER,Canna Cabana,"Jimenez, Jan Michael A, Mgr
",7/15/2019,105A-8120 44 ST,,AB,T9V 3R8,7808746988.0,Yes
780667,LLOYDMINSTER,Cannabis Factory,"Dhillon, Jaskirat Kaur, Mgr
",4/6/2020,101B-5006 18 ST,,AB,T9V 1V4,7808741171.0,No 
808554,LLOYDMINSTER,Greenway,"McCoy, Ian Trevor, Mgr
",5/22/2025,2-5702 44 ST,,AB,T9V 0B6,5876023332.0,No 
780986,LLOYDMINSTER,Plantlife,"Scott, Ian Hardie, Mgr
",9/10/2019,101-4215 80 AVE,,AB,T9V 0X9,5876051165.0,No 
782816,LLOYDMINSTER,Tree Hill Cannabis,"Kendel, Benjamin Bradley, Mgr
",9/17/2021,109-3704 51 AVE,,AB,T9V 3M7,7808086463.0,Yes
783092,LLOYDMINSTER,Value Buds at Lloydminster,"Sanderson, Grant Leigh, Mgr
",6/15/2021,4153 70 AVE,,AB,T9V 3L9,7808725700.0,No 
779134,MANNING,Frosted Acres,"Lein, Morgan Wade, Mgr
",8/14/2019,100A 4 AVENUE SW,,AB,T0H 2M0,7808363244.0,No 
779276,MASKWACIS,Green Nation Naturals Inc.,"Northwest, Tina Matilda, Mgr
",7/29/2019,SAMSON AVENUE AND FIRST STREET,,AB,T0C 1N0,7803125549.0,No 
784850,MAYERTHORPE,Calyx Cannabis Ltd.,"Huff, Maureen Mary-Elaine, Mgr
",1/26/2023,5003 45 AVENUE,,AB,T0E 1N0,7807860003.0,No 
812800,MAYERTHORPE,F & L Cannabis Inc,"Fertig, Stephan Marvin Wayne, Mgr
",8/8/2025,2-4819 42 AVE,,AB,T0E 1N0,7806219610.0,No 
784678,MEDICINE HAT,Canna Cabana,"Jimenez, Jan Michael A, Mgr
",11/1/2022,117-3215 DUNMORE RD SE,,AB,T1B 2H2,4034871654.0,Yes
782663,MEDICINE HAT,Canna Cabana,"Jimenez, Jan Michael A, Mgr
",4/12/2021,543 3 ST SE,,AB,T1A 0H2,4039050219.0,Yes
786073,MEDICINE HAT,Giving & Receiving Ltd.,"Bartsoff, Ryan Reed, Mgr
",12/5/2023,541 2 ST SE,,AB,T1A 0C5,4035290157.0,Yes
778737,MEDICINE HAT,Hat Cannabis Inc.,"Schmalzbauer, Dylan Robert, Mgr
",4/18/2019,646 SOUTH RAILWAY ST SE,,AB,T1A 2V9,4035256341.0,No 
802276,MEDICINE HAT,Lefties,"Rahal, Michael Brian, Mgr
",11/20/2024,133-105 CARRY DR SE,,AB,T1B 3M6,4035817059.0,No 
779462,MEDICINE HAT,Spiritleaf - Medicine Hat,"Sept, Tabatha Cher, Mgr
",7/15/2019,1-1335 TRANS CANADA WAY SE,,AB,T1B 1J1,5875548770.0,Yes
778789,MEDICINE HAT,The Leaf,"Carriere, Pamela Ruth, Mgr
",4/18/2019,699 KINGSWAY AVE SE,,AB,T1A 2X2,4035250303.0,No 
781102,MEDICINE HAT,Value Buds at Strachan Corner,"Sanderson, Grant Leigh, Mgr
",12/23/2019,103-1820 STRACHAN RD SE,,AB,T1B 4J8,4034872180.0,No 
783728,MEDICINE HAT,Waldos 420,"Wallace, Amanda Dawn, Mgr
",12/2/2021,103-20 NORTHLANDS WAY NE,,AB,T1C 1Z2,5872894200.0,Yes
777981,MEDICINE HAT,Waldo's 420 Store,"Wallace, Patrick Stewart, Mgr
",10/17/2018,946 16 ST SW,,AB,T1A 8A4,5872892420.0,Yes
781694,MEDICINE HAT,Westside Weed,"Ahlm, Keith Dale, Mgr
",4/17/2020,914 SOUTH RAILWAY ST SE,,AB,T1A 2W2,4035276277.0,Yes
778018,MILLET,Budzz & Roses,"Keeler, Yvonne Amy, Mgr
",11/18/2019,4908 50 STREET,,AB,T0C 1Z0,7803872282.0,No 
784677,MORINVILLE,Canna Cabana,"Jimenez, Jan Michael A, Mgr
",11/1/2022,7-8807 100 ST,,AB,T8R 1V5,7809394961.0,Yes
783998,MORINVILLE,Pop's Cannabis,"Arbuthnot, John William, Mgr
",3/31/2022,9507 100 ST,,AB,T8R 1R2,7809391798.0,Yes
783991,MORINVILLE,Pop's Cannabis (WEST),"Arbuthnot, John William, Mgr
",3/31/2022,1-10219 100 AVE,,AB,T8R 1P9,7805724261.0,Yes
786215,MUNDARE,GoodVibes Cannabis of Mundare,"Kalia, Akshthal, Mgr
",1/25/2024,1-5112 50 STREET,,AB,T0B 3H0,6477745325.0,No 
301462,NISKU,Aphelion Pharmaceuticals Inc.,,2/21/2023,1202 8A STREET,,AB,T9E 7R5,7808608212.0,No 
783244,NISKU,Firesale by Value Buds,"Sanderson, Grant Leigh, Mgr
",10/22/2021,5-205 19 AVE,,AB,T9E 0W8,7807704211.0,No 
778387,NISKU,Northern Lights Supply,,1/25/2019,2120A SPARROW DRIVE,,AB,T9E 8A2,7809553866.0,Yes
811786,NISKU,RAYN Cultivation Inc,,3/24/2025,104-2319 9 ST,,AB,T9E 7Z7,7802175767.0,No 
779921,OKOTOKS,Canna Cabana,"Wheeler, Ethan James, Mgr
",6/17/2019,130-100 STOCKTON AVENUE,,AB,T1S 1A3,4039384286.0,Yes
804764,OKOTOKS,Dank Cannabis,"Kumar, Priyanka, Mgr
",10/18/2024,403-235 MILLIGAN DR,,AB,T1S 0B8,4039382669.0,Yes
302085,OKOTOKS,Gorilla Garden Craft Cannabis & Extracts,"Squires, Jason Douglas, Mgr
",11/14/2023,231 DON SEAMAN WAY,,AB,T1S 1A5,7069384740.0,No 
816607,OKOTOKS,Gorilla Garden Supplies,"Squires, Jason Douglas, Mgr
",10/10/2025,103-231 DON SEAMAN WAY,,AB,T1S-1A5,4039384740.0,No 
780985,OKOTOKS,Plantlife,"Scott, Ian Hardie, Mgr
",9/10/2019,743-201 SOUTHRIDGE DR,,AB,T1S 2E1,5873203723.0,No 
784946,OKOTOKS,Tower Cannabis,"Richardson, Robert Terrence, Mgr
",11/29/2023,908-10 D'ARCY RANCH DR,,AB,T1S 5V9,5872845995.0,No 
779722,OKOTOKS,Value Buds at Southbank Centre,"Sanderson, Grant Leigh, Mgr
",1/17/2020,353-105 SOUTHBANK BOULEVARD,,AB,T1S 0G1,4039385807.0,No 
783290,OKOTOKS,Value Buds at Southridge,"Sanderson, Grant Leigh, Mgr
",6/22/2021,225-200 SOUTHRIDGE DR,,AB,T1S 0B2,4039380015.0,No 
819782,OLDS,Bargain Buds Cannabis - Olds,"Volk, Jordan Jason, Mgr
",2/11/2026,110-4529 49 AVE,,AB,T4H 1A4,4037910177.0,No 
778400,OLDS,Canna Cabana,"Jimenez, Jan Michael A, Mgr
",7/22/2019,310-4602 46 ST,,AB,T4H 1A1,4037910013.0,Yes
301466,OLDS,iNaturally Organic Inc.,"Michalowski, Maximilian Martin, Mgr
",11/12/2020,17 IMPERIAL CLOSE,,AB,T4H 1M6,5879665236.0,No 
302141,OLDS,Olds SoftGels Ltd.,"Nibber, Trajinder, Mgr
",12/8/2023,5807 47 AVE,,AB,T4H 1S7,4039170984.0,No 
781095,OLDS,Plantlife,"Scott, Ian Hardie, Mgr
",12/11/2019,320-6900 46 ST,,AB,T4H 0A2,4035593002.0,No 
784371,ONOWAY,Mary Jane on Penny Lane Onoway,"Williams, Grover Marvin, Mgr
",6/29/2022,5-4914 50 STREET,,AB,T0E 1V0,7807186954.0,No 
783022,OYEN,Convenient Cannabis Inc.,"Fleming, Nathanial Charles, Mgr
",6/4/2021,206 MAIN STREET,,AB,T0J 2J0,4036642212.0,No 
782203,PARKLAND COUNTY,Beach Corner Cannabis,"Lee, Jeongtak, Mgr
",6/1/2021,53103 RANGE ROAD 15,,AB,T7Y 2E4,5872163209.0,No 
808382,PEACE RIVER,2228456 Alberta Ltd   dba  Northern Sunrise Farms,"Reynolds, Michael Edmund W., Mgr
",1/20/2025,85 KNOX RD    PO BOX 6505,,AB,T8S 1S3,7806251686.0,No 
778461,PEACE RIVER,Bud Runners Cannabis,,10/26/2018,9610 100 STREET,,AB,T8S 1H5,7806241786.0,No 
778460,PEACE RIVER,Bud Runners Cannabis,"Gerk, Cody Joseph, Mgr
",6/10/2019,7426 100 AVE,,AB,T8S 1M5,7806241785.0,No 
786485,PEACE RIVER,Cannabis 4 Less,"Hinks, Lucas Gault Juneau, Mgr
",6/19/2024,9701 100 STREET,,AB,T8S 1J7,7805361039.0,Yes
778279,PEACE RIVER,Peace Pipe Cannabis Company,"Joos, Othmar Travis, Mgr
",6/10/2019,10032 100 STREET,,AB,T8S 1R7,7806245998.0,No 
786098,PEACE RIVER,Plain Jane Cannabis,"Carson, Tatum Sofia L., Mgr
",11/15/2023,9909 100 AVENUE,,AB,T8S 1S4,7802193567.0,No 
818034,PEACE RIVER,The Potterie Peace River,,11/3/2025,5-10019 100 STREET,,AB,T8S 1S3,7802198552.0,No 
819361,PENHOLD,Lux Leaf Cannabis - Penhold,"Seelen, Kale Joseph Alexander, Mgr
",2/11/2026,2-1370 ROBINSON AVENUE,,AB,T0M 1R0,4035731111.0,No 
814036,PINCHER CREEK,Cannabis By Nature,"Singh, Gurdeep, Mgr
",7/17/2025,1009 WATERTON  AVE,,AB,T0K 1W0,5872209394.0,No 
801891,PINCHER CREEK,Castle Cannabis,"Mail, Eli Samuel, Mgr
",5/10/2024,D-1102 CHIEF MOUNTAIN AVENUE,,AB,T0K 1W0,4036247999.0,Yes
801888,PINCHER CREEK,Creek Bud Supply,"Mail, Eli Samuel, Mgr
",5/13/2024,2-1315 FREEBAIRN AVENUE,,AB,T0K 1W0,4036322233.0,Yes
301621,PONOKA,Battle River Pharmaceuticals Inc.,,7/14/2021,6709 46 AVENUE,,AB,T4J 1J8,4033989818.0,No 
781709,PONOKA,Firestone Cannabis - Ponoka,"Lojczyc, Brett Nathan, Mgr
",7/6/2020,3-5015 50 STREET,,AB,T4J 1S3,4037834499.0,No 
783852,PONOKA,FOUR20 Premium Market,"Morrow, Scott Andrew, Mgr
",12/1/2021,160-6701- AB-53,,AB,T4J 1K3,4034555233.0,Yes
781902,PONOKA,Potporium,"Robinson, Kenneth James, Mgr
",9/17/2020,5017 50 AVENUE,,AB,T4J 1S5,4037909333.0,No 
780821,PROVOST,Jeb's Joint,"Breunig, Joshua Edward, Mgr
",2/3/2020,2-3615 57 AVENUE,,AB,T0B 3S0,7807040680.0,No 
819780,RED DEER,Bargain Buds Cannabis - Red Deer North,"Volk, Aaron John Bernerd, Mgr
",2/11/2026,4117-7414 50 AVE,,AB,T4P 1X7,5872720799.0,No 
780651,RED DEER,Canna Cabana,"Jimenez, Jan Michael A, Mgr
",10/23/2019,130-6751 50 AVE,,AB,T4N 4C9,5872733112.0,Yes
778037,RED DEER,Fire & Flower Cannabis Co.,"Mail, Eli Samuel, Mgr
",4/18/2019,105-3119 49 AVE,,AB,T4N 3V8,4039670588.0,Yes
781168,RED DEER,Fire & Flower Cannabis Co.,"Mail, Eli Samuel, Mgr
",11/29/2019,120-6802 50 AVE,,AB,T4N 4E3,4039671376.0,Yes
777890,RED DEER,FOUR20 Premium Market,"Morrow, Scott Andrew, Mgr
",1/10/2020,6702 GOLDEN WEST AVE,,AB,T4P 1A8,7809290118.0,Yes
782783,RED DEER,Lux Leaf Cannabis - Red Deer,"Sawicki, Carter Daniel, Mgr
",7/14/2021,D1-2310 50 AVE,,AB,T4R 1W5,4039868835.0,No 
778630,RED DEER,River Cannabis,"Levann, John Francis, Mgr
",7/22/2019,3-5804 50 AVE,,AB,T4N 4C2,4033024444.0,Yes
783096,RED DEER,Value Buds at Downtown South Red Deer,"Sanderson, Grant Leigh, Mgr
",6/10/2021,1-5111 49 ST,,AB,T4N 1V6,5872722443.0,No 
777932,RED DEER,Value Buds at Village Mall,"Sanderson, Grant Leigh, Mgr
",7/17/2020,500-6380 50 AVE,,AB,T4N 4C6,4033502615.0,No 
819396,RED DEER COUNTY,Alberta Canabiz,"Lefebvre, Clare, Mgr
",3/23/2026,30-37041 RIVER RD,,AB,T4G 0M9,4035934861.0,No 
784219,RED DEER COUNTY,Canna Cabana,"Jimenez, Jan Michael A, Mgr
",4/13/2022,102-174 LEVA AVE,,AB,T4E 0A5,5878022263.0,Yes
301759,RED DEER COUNTY,Premium Select Cannabis,,4/29/2022,108C-174 CLEARVIEW DRIVE,,AB,T4E 0A1,2502581343.0,No 
785829,RED DEER COUNTY,Rocky Mountain Cannabis,"Turner, Thomas Nathan, Mgr
",12/5/2023,124 LEVA AVE,,AB,T4E 1B2,4034067330.0,No 
301239,RED DEER COUNTY,Stigma Grow,,3/11/2019,255C CLEARVIEW DRIVE,,AB,T4E 3B6,4038442559.0,No 
301677,RED DEER COUNTY,Supernova Farms Inc.,,11/1/2021,22-39207 RANGE ROAD 271,,AB,T4S 2M4,4036502812.0,No 
783787,RED EARTH CREEK,Mistik Cannabis Co.,"Joos, Othmar Travis, Mgr
",12/6/2021,5-223 MOORE DRIVE,,AB,T0G 1X0,7806470420.0,No 
780609,REDCLIFF,Green Peace Hempire Inc.,"King, Raymond Daniel, Mgr
",10/24/2019,3-631 SOUTH RAILWAY DR NE,,AB,T0J 2P0,4034874420.0,No 
781235,REDCLIFF,Weed Warehouse,"Ahlm, Keith Dale, Mgr
",2/12/2020,205 BROADWAY AVENUE EAST,,AB,T0J 2P0,4037120250.0,No 
782727,REDWATER,Green Solution Cannabis,"Smith, Shane, Mgr
",5/19/2021,A 4904 50 AVENUE,,AB,T0A 2W0,7806166256.0,No 
784291,RIMBEY,F & L Cannabis Inc.,"Fertig, Stephan Marvin Wayne, Mgr
",7/11/2022,5201 43 STREET,,AB,T0C 2J0,4038436009.0,No 
784629,RIMBEY,Green Solution Cannabis,"Choi, Wondo, Mgr
",11/24/2022,A-4810 51 STREET,,AB,T0C 2J0,4039635620.0,No 
782918,RIMBEY,Oz Cannabis,"Laurie, Alexander, Mgr
",7/28/2021,102-5005 50 AVENUE,,AB,T0C 2J0,8256502055.0,Yes
819781,ROCKY MOUNTAIN HOUSE,Bargain Buds Cannabis - Rocky,"Seelen, Kale Joseph Alexander, Mgr
",2/11/2026,5027 45 ST UNIT B,,AB,T4T 1B3,4038711420.0,No 
783688,ROCKY MOUNTAIN HOUSE,Green Solution Cannabis,"Choi, Hea Lee, Mgr
",11/1/2021,4507 47 AVE,,AB,T4T 1C5,4033227201.0,No 
778798,ROCKY MOUNTAIN HOUSE,Rocky Mountain Cannabis,"Turner, Thomas Nathan, Mgr
",8/6/2019,5103B 46 STREET,,AB,T4T 1C7,4033220420.0,No 
301920,ROCKY VIEW COUNTY,Simply Solventless,,12/14/2022,279209 RANGE ROAD 20,,AB,T4B 4P2,4037963640.0,No 
806560,ROLLY VIEW,Weed Mart,"Chadha, Naginder, Mgr
",12/9/2025,20A-49402 RR 234,,AB,T4X 0Y1,7785592292.0,No 
784521,RYCROFT,The Potterie Express Rycroft,"Roche, Ben James, Mgr
",6/27/2022,4923 43 STREET,,AB,T0H 3A0,7805004367.0,Yes
785136,SEXSMITH,Sexsmith Cannabis,"Goel, Nitish, Mgr
",7/21/2023,9929-A 100 STREET,,AB,T0H 3C0,6046133921.0,No 
779704,SEXSMITH,Spiritleaf - Sexsmith,"Mercier, James Beaudoin, Mgr
",10/7/2019,10004 HIGHWAY STREET,,AB,T0H 3C0,7805372065.0,No 
783438,SHERWOOD PARK,420 Premium Market,"Pernal, Ryan Anthony, Mgr
",7/30/2021,915-3890 SHERWOOD DR,,AB,T8H 0Z9,5874304203.0,Yes
784766,SHERWOOD PARK,Bud N' Buddies Cannabis,"Saini, Jaspreet Singh, Mgr
",6/5/2023,130-75 SALISBURY WAY,,AB,T8B 1K4,8252188234.0,No 
784054,SHERWOOD PARK,Canna Cabana,"Jimenez, Jan Michael A, Mgr
",6/28/2022,77-993 FIR ST,,AB,T8A 4N5,7805709686.0,Yes
806838,SHERWOOD PARK,Canna Cabana,"Wheeler, Ethan James, Mgr
",5/28/2025,UNIT 30E -2020 SHERWOOD DR,,AB,T8A 3H9,7805700895.0,Yes
782906,SHERWOOD PARK,Cannabis Boutique,"Parker, Steven Larry F., Mgr
",1/6/2022,820-800 BROADMOOR BOULEVARD,,AB,T8A 4Y6,7808009831.0,Yes
784374,SHERWOOD PARK,Cannabis Discounter,"Kaur, Amandeep, Mgr
",8/31/2022,42-665 BASELINE RD,,AB,T8A 5V9,5872690555.0,Yes
815724,SHERWOOD PARK,Crop Circle Cannabis,"Eades, Caleb Joshua, Mgr
",8/11/2025,51516A RANGE ROAD 224,,AB,T8C 1H5,7807252767.0,No 
781194,SHERWOOD PARK,Fire & Flower Cannabis Co.,"Mail, Eli Samuel, Mgr
",12/16/2019,19-99 WYE ROAD,,AB,T8B 1M1,7805709461.0,Yes
781195,SHERWOOD PARK,Fire & Flower Cannabis Co.,"Mail, Eli Samuel, Mgr
",12/11/2019,350-590 BASELINE RD,,AB,T8H 1Y4,7805709463.0,Yes
782226,SHERWOOD PARK,Good Roots Cannabis,"Martel, Curtis John, Mgr
",2/12/2021,935-3890 SHERWOOD DRIVE,,AB,T8H 0Z9,7805704200.0,No 
783198,SHERWOOD PARK,Kurve Cannabis at Sherwood Park,"Dhaliwal, Ranjeet Singh, Mgr
",8/18/2022,120-14 SIOUX RD,,AB,T8A 4X1,7804176192.0,Yes
783329,SHERWOOD PARK,Plantlife,"Scott, Ian Hardie, Mgr
",9/20/2021,220-501 EMERALD DR,,AB,T8H 0W6,7804496039.0,No 
783987,SHERWOOD PARK,Pop's Cannabis (WEST),"Arbuthnot, John William, Mgr
",3/31/2022,301-101 GRANADA BLVD,,AB,T8A 4W2,7805705334.0,Yes
778177,SHERWOOD PARK,Spiritleaf - Sherwood Park,"Digiuseppe, Dino Nicholas, Mgr
",7/29/2019,7-52 BRENTWOOD BLVD,,AB,T8A 2H6,7804495180.0,Yes
807413,SHERWOOD PARK,Spiritleaf Salisbury,"Digiuseppe, Dino Nicholas, Mgr
",2/18/2025,130-115  TISBURY ST,,AB,T8B 0B7,5872695153.0,No 
810160,SHERWOOD PARK,The Canna Shop,"Sarohia, Karamjit Singh, Mgr
",5/8/2025,6 BLACKFOOT RD,,AB,T8A 4P4,5872811888.0,No 
778733,SHERWOOD PARK,Value Buds at Baseline Village,"Sanderson, Grant Leigh, Mgr
",12/3/2019,416-222 BASELINE RD,,AB,T8H 1S8,7805700524.0,No 
778432,SHERWOOD PARK,Value Buds at Summerwood,"Sanderson, Grant Leigh, Mgr
",4/18/2019,82-4005 CLOVER BAR RD,,AB,T8H 0M4,5872692992.0,No 
809894,SIMON LAKES,Simon Lake Cannabis Store,"Singh, Amritpal, Mgr
",9/2/2025,S 38 SIMON LAKE HIGHWAY 986,,AB,T0H 0N0,2045120760.0,No 
784195,SLAVE LAKE,Canna Cabana,"Jimenez, Jan Michael A, Mgr
",4/22/2022,108-1104 MAIN STREET SW,,AB,T0G 2A4,7808494768.0,No 
786481,SLAVE LAKE,Cannabis 4 Less,"Hinks, Lucas Gault Juneau, Mgr
",5/8/2024,100-102 6 AVE SW,,AB,T0G 2A1,7805361039.0,Yes
779634,SLAVE LAKE,Fire & Flower Cannabis Co.,"Mail, Eli Samuel, Mgr
",9/20/2019,540-1500 MAIN STREET,,AB,T0G 2A0,7808496711.0,Yes
801249,SMOKY LAKE,Equilibrium Cannabis,"Ewaskiw, Derek Ross, Mgr
",10/24/2024,35B WHITE EARTH STREET,,AB,T0A 3C0,7806563851.0,No 
783392,SPIRIT RIVER,Plain Jane Cannabis,"Carson, Tatum Sofia L., Mgr
",9/15/2021,5030 47 AVENUE,,AB,T0H 3G0,7802193567.0,No 
790042,SPRUCE GROVE,Cloud Fresh,"Horth, Ryan Anthony, Mgr
",7/16/2024,532A-31-26323 TOWNSHIP RD,,AB,T7X 4M1,7809408480.0,No 
780785,SPRUCE GROVE,Fire & Flower Cannabis Co.,"Mail, Eli Samuel, Mgr
",12/16/2019,214-10 WESTWIND DR,,AB,T7X 0Y5,5874610428.0,Yes
805641,SPRUCE GROVE,Lucid Cannabis,"Mail, Eli Samuel, Mgr
",8/21/2024,25A-100 KING ST,,AB,T7X 0J6,7805710047.0,Yes
805647,SPRUCE GROVE,Lucid Cannabis,"Mail, Eli Samuel, Mgr
",8/21/2024,104-8 MCLEOD AVE,,AB,T7X 3X3,5872860110.0,Yes
815929,SPRUCE GROVE,One Plant Spruce Grove,"Serruya, Aaron, Mgr
",2/2/2026,112-131 CENTURY CROSS,,AB,T7X 0C8,5874613950.0,No 
785704,SPRUCE GROVE,Pioneer Cannabis,"Dhillon, Amarjeetsingh Gurudayalsingh, Mgr
",1/29/2024,317-280 PIONEER ROAD,,AB,T7X 2W3,3689982624.0,No 
780990,SPRUCE GROVE,Plantlife,"Scott, Ian Hardie, Mgr
",9/10/2019,360-4 MCLEOD AVE,,AB,T7X 4B8,7805710308.0,No 
777944,SPRUCE GROVE,Value Buds at Grove Landing,"Sanderson, Grant Leigh, Mgr
",10/17/2018,17 NELSON DR,,AB,T7X 3X3,5872861106.0,No 
784197,ST PAUL,Canna Cabana,"Jimenez, Jan Michael A, Mgr
",4/22/2022,4225 50 AVE,,AB,T0A 3A3,7806451160.0,No 
782127,ST PAUL,Green Solution Cannabis,"Choi, Hea Lee, Mgr
",12/9/2020,5026 50 AVENUE,,AB,T0A 3A0,7806141341.0,No 
813360,ST. ALBERT,26 Rowland Crescent,"Beaudry, Kieley Deanna, Mgr
",7/9/2025,26 ROWLAND CRES,,AB,T8N 4B3,7802669996.0,No 
302024,ST. ALBERT,Blunt Botanicals,,2/16/2024,21 SYLVAN DRIVE,,AB,T8N 0G7,7804050150.0,No 
778397,ST. ALBERT,Canna Cabana,"Jimenez, Jan Michael A, Mgr
",8/16/2019,2-512 ST ALBERT TRAIL,,AB,T8N 5Z1,5872904201.0,Yes
782214,ST. ALBERT,Canna Cabana,"Wheeler, Ethan James, Mgr
",11/18/2020,207-2 HEBERT RD,,AB,T8N 5T8,7805900308.0,Yes
784173,ST. ALBERT,Cannabis Discounter,"Kaur, Amandeep, Mgr
",6/27/2022,320-10 ROSE GATE,,AB,T8N 7Y3,7805690067.0,Yes
777988,ST. ALBERT,Fire & Flower Cannabis Co.,"Mail, Eli Samuel, Mgr
",10/17/2018,19 BELLEROSE DRIVE,,AB,T8N 5E1,7805900012.0,Yes
780788,ST. ALBERT,Fire & Flower Cannabis Co.,"Mail, Eli Samuel, Mgr
",10/4/2019,120-4 VERSAILLES AVE,,AB,T8N 7V1,7805900479.0,Yes
783937,ST. ALBERT,Kushi Cannabis,"Toor, Serena Kaur, Mgr
",6/8/2022,2B SIR WINSTON CHURCHILL AVE,,AB,T8N 3T6,7803470363.0,No 
780994,ST. ALBERT,Plantlife,"Scott, Ian Hardie, Mgr
",9/10/2019,515-935 ST ALBERT TRAIL,,AB,T8N 4K6,7805692268.0,No 
781097,ST. ALBERT,Plantlife,"Scott, Ian Hardie, Mgr
",1/10/2020,410-860 ST ALBERT TRAIL,,AB,T8N 7V2,7805690058.0,No 
781256,ST. ALBERT,Rocky Mountain Roots,"Kujala, Matthew Robert, Mgr
",4/20/2020,120-410 ST ALBERT TRAIL,,AB,T8N 5J9,7805690208.0,Yes
777961,ST. ALBERT,The Wanted Leaf,"Ayoob, Azam Ghani, Mgr
",7/2/2019,107-50 ST THOMAS ST,,AB,T8N 6Z8,5872904200.0,Yes
782879,ST. ALBERT,Value Buds at Village Landing,"Sanderson, Grant Leigh, Mgr
",7/16/2021,305-140 ST ALBERT TRAIL,,AB,T8N 7C8,7805694561.0,No 
778033,STETTLER,Fire & Flower Cannabis Co.,"Mail, Eli Samuel, Mgr
",10/24/2018,6610 50 AVE,,AB,T0C 2L2,5876278000.0,Yes
779807,STETTLER,Mountain Mellow,"Turner, Kyle Dale, Mgr
",11/27/2019,C-4805 75 STREET,,AB,T0C 2L0,4035961717.0,No 
777965,STONY PLAIN,Daily Blaze,,10/17/2018,1-5009 50 STREET,,AB,T7Z 1T3,7805911121.0,No 
783986,STONY PLAIN,Pop's Cannabis Co.,"Arbuthnot, John William, Mgr
",3/31/2022,105-4600 48 ST,,AB,T7Z 1L4,7809684608.0,Yes
809747,STONY PLAIN,URBN Leaf Cannabis Company Stony Plain,,4/24/2025,100-4300 SOUTH PARK DR,,AB,T7Z 2W7,7809635279.0,No 
783473,STONY PLAIN,Value Buds at Stony Plain East,"Sanderson, Grant Leigh, Mgr
",8/11/2021,137-3009 43 AVE,,AB,T7Z 0H4,7805911977.0,No 
783122,STONY PLAIN,Value Buds at Stony Plain West,"Sanderson, Grant Leigh, Mgr
",10/4/2021,26-4410 48 ST,,AB,T7Z 1L4,7809635873.0,No 
807163,STRATHMORE,Beyond The Leaf,"Chouhan, Pushpinder Singh, Mgr
",1/31/2025,239A 3 AVENUE,,AB,T1P 1N7,4039830655.0,No 
777991,STRATHMORE,Fire & Flower Cannabis Co.,"Mail, Eli Samuel, Mgr
",6/24/2019,110M-800 PINE RD,,AB,T1P 0A2,4039620010.0,Yes
785036,STRATHMORE,Four20,"Morrow, Scott Andrew, Mgr
",12/6/2022,B-510 HIGHWAY 1,,AB,T1P 1M6,5874415248.0,Yes
812251,STRATHMORE,Inspired Cannabis Co.,,12/5/2025,125C2-100 RANCH MARKET,,AB,T1P 0A8,6045629504.0,No 
814780,STRATHMORE,The Garden Cannabis Co.,"Pries, Brook Laurel, Mgr
",12/22/2025,302-297 EDGEFIELD PL,,AB,T1P 0E8,4039349506.0,No 
819024,STRATHMORE,Wheatland Cannabis,"Bhullar, Sundeep, Mgr
",3/25/2026,35C SPRUCE PARK DR,,AB,T1P 1J2,4036044906.0,No 
781930,SUCKER CREEK FIRST NATION,4Hoots,"Willier, Glen Lucas, Mgr
",3/24/2021,15129 HIGHWAY 2A,,AB,T0G 0W0,7805237730.0,No 
779723,SUNDRE,Sunshine Cannabis,"Cleasby, Brent Edwin, Mgr
",4/23/2020,1-586 MAIN AVENUE W,,AB,T0M 1X0,5874441123.0,No 
781167,SYLVAN LAKE,Fire & Flower Cannabis Co.,"Mail, Eli Samuel, Mgr
",12/11/2019,3-40 HEWLETT PARK LANDNG,,AB,T4S 2J3,4038645197.0,Yes
781885,SYLVAN LAKE,Firestone Cannabis,"Lojczyc, Brett Nathan, Mgr
",11/26/2020,2-5040 50 ST,,AB,T4S 1P3,4038640621.0,No 
783281,SYLVAN LAKE,FOUR20 Premium Market,"Morrow, Scott Andrew, Mgr
",6/21/2021,830-62 THEVENAZ IND. TRAIL,,AB,T4S 0B6,5873295595.0,Yes
781640,SYLVAN LAKE,Oz Cannabis,"Laurie, Alexander, Mgr
",7/30/2020,320-49 HINSHAW DR,,AB,T4S 0K5,4038641500.0,Yes
778773,SYLVAN LAKE,Valhalla Cannabis,"Larsen, John David, Mgr
",7/2/2019,104-4 CUENDET IND. WAY,,AB,T4S 2J7,4038876437.0,Yes
783044,SYLVAN LAKE,Weed Kings Inc.,"McKay, Debbra Doreen, Mgr
",2/17/2022,130-1 IRON GATE DR,,AB,T4S 0T8,4035974874.0,Yes
801889,TABER,Harvest Bud Supply,"Mail, Eli Samuel, Mgr
",5/13/2024,5014 46 AVE,,AB,T1G 2A6,4032237887.0,Yes
784316,THORSBY,Country Cannabis Store,"Becker, Jan, Mgr
",7/5/2022,4914 HANKIN STREET,,AB,T0C 2P0,5874154999.0,No 
783851,THREE HILLS,GoodVibes Cannabis,"Kalia, Akshthal, Mgr
",3/16/2022,414 MAIN STREET,,AB,T0M 2A0,6477745325.0,No 
779570,TOFIELD,Nobal Buds Inc.,"Mansley, Ian, Mgr
",2/3/2020,5016 51 AVENUE,,AB,T0B 4J0,7809660714.0,Yes
811071,TROCHU,Goodvibes Cannabis of Trochu,"Kalia, Akshthal, Mgr
",3/28/2025,323 MAIN ST,,AB,T0M 2C0,6477745325.0,No 
785549,TSUUT'INA,Canna Cabana,"Wheeler, Ethan James, Mgr
",12/20/2023,1011-11501 BUFFALO RUN BLVD,,AB,T3T 0E4,5872321427.0,Yes
782321,TURNER VALLEY,Mountain Air Cannabis,"Wasylyshen, Jesse David, Mgr
",4/12/2021,132 MAIN STREET NW,,AB,T0L 2A0,8252109333.0,No 
785963,TWO HILLS,GoodVibes Cannabis of Two Hills,"Kalia, Akshthal, Mgr
",11/23/2023,1-5012 47 AVENUE,,AB,T0B 4K0,6477745325.0,No 
783553,VALLEYVIEW,Botanica VV,"Passerin, Ramona Heidi, Mgr
",11/5/2021,4405 HIGHWAY STREET,,AB,T0H 3N0,7807797611.0,No 
786482,VALLEYVIEW,Cannabis 4 Less,"Hinks, Lucas Gault Juneau, Mgr
",4/3/2024,4818 50 STREET,,AB,T0H 3N0,7802282881.0,Yes
777983,VALLEYVIEW,URBN Leaf Cannabis Company Valleyview,"Ruether, Craig Thomas, Mgr
",4/18/2019,1C-3808 HIGHWAY STREET,,AB,T0H 3N0,7805243212.0,No 
783001,VEGREVILLE,Canna Cabana,"Jimenez, Jan Michael A, Mgr
",5/12/2021,4806 50 AVE,,AB,T9C 1K9,5877900925.0,Yes
815062,VEGREVILLE,One Plant Vegreville,"Serruya, Aaron, Mgr
",11/19/2025,1-6817 16A HWY W,,AB,T9C 0A7,7809023362.0,No 
778546,VEGREVILLE,The Green Box Cannabis,"Jamieson, Janna Dawn, Mgr
",5/14/2020,6549 HIGHWAY 16A,,AB,T9C 0A3,7806310388.0,Yes
783093,VEGREVILLE,Value Buds at Vegreville,"Sanderson, Grant Leigh, Mgr
",6/15/2021,103-5105 49 AVE,,AB,T9C 1L9,7806324410.0,No 
783091,VERMILION,Value Buds at Vermilion,"Sanderson, Grant Leigh, Mgr
",6/15/2021,202-4121 51 ST,,AB,T9X 0B4,7808534020.0,No 
802995,VERMILION,Vermilion Cannabis,"Sethi, Mohit, Mgr
",9/10/2024,B-5032 50 AVE,,AB,T9X 1A2,5876068030.0,Yes
786131,VIKING,GoodVibes Cannabis of Viking,"Kalia, Akshthal, Mgr
",1/2/2024,1 - 5201 50 STREET,,AB,T0B 4N0,6477745325.0,No 
784744,VILNA,GoodVibes Cannabis of Vilna,"Kalia, Akshthal, Mgr
",1/16/2023,5024 50 STREET,,AB,T0A 3L0,6477745325.0,No 
801890,VULCAN,Vulcan Bud Supply,"Mail, Eli Samuel, Mgr
",6/6/2024,SERVICE ROAD  UNIT A-102,,AB,T0L 2B0,4034856685.0,Yes
778383,WABAMUN,Mary Jane on Penny Lane,"Williams, Grover Marvin, Mgr
",7/15/2019,5126 51 AVENUE,,AB,T0E 2K0,7807170506.0,No 
779045,WABASCA,Canna-Bliss,"Roberts, Jesse Robert, Mgr
",7/8/2019,960E NOEL DRIVE,,AB,T0G 2K0,7808912440.0,No 
785069,WABASCA,Joe Cannabis,"Han, Youngwook, Mgr
",12/11/2023,2001 MISTASSINIY ROAD,,AB,T0G 2K0,7808913023.0,No 
782901,WAINWRIGHT,Jeb's Joint,"Breunig, Joshua Edward, Mgr
",8/17/2021,1021 14 AVE,,AB,T9W 1K5,7808064722.0,No 
780996,WAINWRIGHT,Plantlife,"Scott, Ian Hardie, Mgr
",9/10/2019,20-2840 13 AVE,,AB,T9W 0A2,5876071045.0,Yes
782808,WAINWRIGHT,Wainwright Cannabis,"Dhillon, Amarjeetsingh Gurudayalsingh, Mgr
",6/25/2021,1111 10 ST,,AB,T9W 1E3,7808421622.0,No 
810512,WATERTON PARK,Forest Flower,"Little, Amelia Claire, Mgr
",6/2/2025,301C WINDFLOWER AVENUE,,AB,T0K 2M0,4038002097.0,No 
783307,WEMBLEY,URBN Leaf Cannabis Company Wembley,"Ruether, Craig Thomas, Mgr
",9/16/2021,10011 100 AVENUE,,AB,T0H 3S0,7808302160.0,No 
784390,WESTEROSE,Firestone Cannabis - Pigeon Lake,"Lojczyc, Brett Nathan, Mgr
",6/13/2022,17 VILLAGE DR    RR 2,,AB,T0C 2V0,7802221187.0,No 
784605,WESTLOCK,Canna Cabana,"Jimenez, Jan Michael A, Mgr
",8/2/2022,10140 107 ST,,AB,T7P 1X3,7803494267.0,No 
812005,WESTLOCK,Dog Star Cannabis,"Schoenfeld, Nicole, Mgr
",6/24/2025,301-59422 44 HWY,,AB,T7P 2P4,3062014514.0,No 
778003,WESTLOCK,Fire & Flower Cannabis Co.,"Mail, Eli Samuel, Mgr
",7/8/2019,10111 104 AVE,,AB,T7P 1K6,7803494836.0,Yes
806339,WESTLOCK,Wild RoseBud Inc.,,1/8/2025,PO BOX 5437,,AB,T7P 2P5,7802067186.0,No 
800468,WESTLOCK COUNTY,One World Cannabis,"Mandziuk, Michael William, Mgr
",9/24/2024,59420 HIGHWAY 2,,AB,T0G 0P0,5874002420.0,No 
777918,WETASKIWIN,Cannabis Boutique,"Parker, Steven Larry F., Mgr
",7/15/2019,5011C 50 AVENUE,,AB,T9A 0S4,5874689989.0,Yes
778309,WETASKIWIN,Firestone Cannabis,"Murphy, Kyle Alexander, Mgr
",7/2/2019,4119 56 ST,,AB,T9A 1V2,7803121797.0,No 
779577,WETASKIWIN,Wetaskiwin Cannabis,"Lojczyc, Brett Nathan, Mgr
",7/22/2019,5510 40 AVE,,AB,T9A 3R1,7803122389.0,No 
301414,WHEATLAND COUNTY,Joi Botanicals Ltd.,"Karren, Jeffrey Allan, Mgr
",6/19/2020,53 DURAM DRIVE,,AB,T0J 1X0,8664204564.0,No 
778414,WHITECOURT,Canna Cabana,"Jimenez, Jan Michael A, Mgr
",11/5/2018,16-5115 49 STREET,,AB,T7S 1P1,7807067343.0,Yes
781192,WHITECOURT,Fire & Flower Cannabis Co.,"Mail, Eli Samuel, Mgr
",12/18/2019,2-4331 52 AVENUE,,AB,T7S 1X6,7803968431.0,Yes
779517,WHITECOURT,Value Buds at Gateway Plaza,"Sanderson, Grant Leigh, Mgr
",4/18/2019,101-3815 CAXTON STREET,,AB,T7S 0A2,7807784233.0,No 
